scenario,confidence,projection_year,rsl_ft_median,rsl_ft_p17,rsl_ft_p83,rsl_ft_p05,rsl_ft_p95,baseline,source_url
SSP1-1.9,medium,2020,0.24,0.15,0.33,0.09,0.41,1995-2014 mean,https://zenodo.org/records/6382554/files/ar6-regional-confidence.zip (DOI 10.5281/zenodo.6382554)
SSP1-1.9,medium,2030,0.44,0.31,0.58,0.23,0.71,1995-2014 mean,https://zenodo.org/records/6382554/files/ar6-regional-confidence.zip (DOI 10.5281/zenodo.6382554)
SSP1-1.9,medium,2040,0.62,0.47,0.83,0.35,1.01,1995-2014 mean,https://zenodo.org/records/6382554/files/ar6-regional-confidence.zip (DOI 10.5281/zenodo.6382554)
SSP1-1.9,medium,2050,0.85,0.64,1.12,0.5,1.36,1995-2014 mean,https://zenodo.org/records/6382554/files/ar6-regional-confidence.zip (DOI 10.5281/zenodo.6382554)
SSP1-1.9,medium,2060,1.02,0.75,1.38,0.56,1.7,1995-2014 mean,https://zenodo.org/records/6382554/files/ar6-regional-confidence.zip (DOI 10.5281/zenodo.6382554)
SSP1-1.9,medium,2070,1.23,0.92,1.66,0.72,2.04,1995-2014 mean,https://zenodo.org/records/6382554/files/ar6-regional-confidence.zip (DOI 10.5281/zenodo.6382554)
SSP1-1.9,medium,2080,1.4,1.06,1.91,0.85,2.33,1995-2014 mean,https://zenodo.org/records/6382554/files/ar6-regional-confidence.zip (DOI 10.5281/zenodo.6382554)
SSP1-1.9,medium,2090,1.59,1.17,2.18,0.93,2.68,1995-2014 mean,https://zenodo.org/records/6382554/files/ar6-regional-confidence.zip (DOI 10.5281/zenodo.6382554)
SSP1-1.9,medium,2100,1.78,1.26,2.47,0.95,3.05,1995-2014 mean,https://zenodo.org/records/6382554/files/ar6-regional-confidence.zip (DOI 10.5281/zenodo.6382554)
SSP1-1.9,medium,2110,1.98,1.35,2.79,1.02,3.43,1995-2014 mean,https://zenodo.org/records/6382554/files/ar6-regional-confidence.zip (DOI 10.5281/zenodo.6382554)
SSP1-1.9,medium,2120,2.15,1.46,3.06,1.09,3.77,1995-2014 mean,https://zenodo.org/records/6382554/files/ar6-regional-confidence.zip (DOI 10.5281/zenodo.6382554)
SSP1-1.9,medium,2130,2.33,1.56,3.33,1.15,4.12,1995-2014 mean,https://zenodo.org/records/6382554/files/ar6-regional-confidence.zip (DOI 10.5281/zenodo.6382554)
SSP1-1.9,medium,2140,2.5,1.65,3.59,1.22,4.47,1995-2014 mean,https://zenodo.org/records/6382554/files/ar6-regional-confidence.zip (DOI 10.5281/zenodo.6382554)
SSP1-1.9,medium,2150,2.66,1.74,3.85,1.28,4.81,1995-2014 mean,https://zenodo.org/records/6382554/files/ar6-regional-confidence.zip (DOI 10.5281/zenodo.6382554)
SSP1-2.6,medium,2020,0.26,0.18,0.35,0.12,0.42,1995-2014 mean,https://zenodo.org/records/6382554/files/ar6-regional-confidence.zip (DOI 10.5281/zenodo.6382554)
SSP1-2.6,medium,2030,0.48,0.35,0.63,0.26,0.74,1995-2014 mean,https://zenodo.org/records/6382554/files/ar6-regional-confidence.zip (DOI 10.5281/zenodo.6382554)
SSP1-2.6,medium,2040,0.68,0.52,0.89,0.41,1.06,1995-2014 mean,https://zenodo.org/records/6382554/files/ar6-regional-confidence.zip (DOI 10.5281/zenodo.6382554)
SSP1-2.6,medium,2050,0.91,0.71,1.17,0.59,1.4,1995-2014 mean,https://zenodo.org/records/6382554/files/ar6-regional-confidence.zip (DOI 10.5281/zenodo.6382554)
SSP1-2.6,medium,2060,1.1,0.87,1.43,0.73,1.74,1995-2014 mean,https://zenodo.org/records/6382554/files/ar6-regional-confidence.zip (DOI 10.5281/zenodo.6382554)
SSP1-2.6,medium,2070,1.33,1.05,1.75,0.89,2.13,1995-2014 mean,https://zenodo.org/records/6382554/files/ar6-regional-confidence.zip (DOI 10.5281/zenodo.6382554)
SSP1-2.6,medium,2080,1.54,1.18,2.06,1.0,2.51,1995-2014 mean,https://zenodo.org/records/6382554/files/ar6-regional-confidence.zip (DOI 10.5281/zenodo.6382554)
SSP1-2.6,medium,2090,1.73,1.32,2.35,1.1,2.88,1995-2014 mean,https://zenodo.org/records/6382554/files/ar6-regional-confidence.zip (DOI 10.5281/zenodo.6382554)
SSP1-2.6,medium,2100,1.94,1.46,2.64,1.2,3.26,1995-2014 mean,https://zenodo.org/records/6382554/files/ar6-regional-confidence.zip (DOI 10.5281/zenodo.6382554)
SSP1-2.6,medium,2110,2.16,1.54,3.02,1.26,3.69,1995-2014 mean,https://zenodo.org/records/6382554/files/ar6-regional-confidence.zip (DOI 10.5281/zenodo.6382554)
SSP1-2.6,medium,2120,2.36,1.66,3.33,1.35,4.07,1995-2014 mean,https://zenodo.org/records/6382554/files/ar6-regional-confidence.zip (DOI 10.5281/zenodo.6382554)
SSP1-2.6,medium,2130,2.55,1.77,3.63,1.43,4.46,1995-2014 mean,https://zenodo.org/records/6382554/files/ar6-regional-confidence.zip (DOI 10.5281/zenodo.6382554)
SSP1-2.6,medium,2140,2.74,1.88,3.93,1.51,4.84,1995-2014 mean,https://zenodo.org/records/6382554/files/ar6-regional-confidence.zip (DOI 10.5281/zenodo.6382554)
SSP1-2.6,medium,2150,2.92,1.99,4.22,1.59,5.21,1995-2014 mean,https://zenodo.org/records/6382554/files/ar6-regional-confidence.zip (DOI 10.5281/zenodo.6382554)
SSP2-4.5,medium,2020,0.26,0.19,0.34,0.14,0.4,1995-2014 mean,https://zenodo.org/records/6382554/files/ar6-regional-confidence.zip (DOI 10.5281/zenodo.6382554)
SSP2-4.5,medium,2030,0.47,0.35,0.61,0.27,0.72,1995-2014 mean,https://zenodo.org/records/6382554/files/ar6-regional-confidence.zip (DOI 10.5281/zenodo.6382554)
SSP2-4.5,medium,2040,0.69,0.52,0.9,0.41,1.07,1995-2014 mean,https://zenodo.org/records/6382554/files/ar6-regional-confidence.zip (DOI 10.5281/zenodo.6382554)
SSP2-4.5,medium,2050,0.95,0.74,1.23,0.61,1.46,1995-2014 mean,https://zenodo.org/records/6382554/files/ar6-regional-confidence.zip (DOI 10.5281/zenodo.6382554)
SSP2-4.5,medium,2060,1.2,0.94,1.56,0.78,1.87,1995-2014 mean,https://zenodo.org/records/6382554/files/ar6-regional-confidence.zip (DOI 10.5281/zenodo.6382554)
SSP2-4.5,medium,2070,1.48,1.15,1.93,0.97,2.32,1995-2014 mean,https://zenodo.org/records/6382554/files/ar6-regional-confidence.zip (DOI 10.5281/zenodo.6382554)
SSP2-4.5,medium,2080,1.77,1.39,2.32,1.19,2.8,1995-2014 mean,https://zenodo.org/records/6382554/files/ar6-regional-confidence.zip (DOI 10.5281/zenodo.6382554)
SSP2-4.5,medium,2090,2.04,1.6,2.72,1.35,3.31,1995-2014 mean,https://zenodo.org/records/6382554/files/ar6-regional-confidence.zip (DOI 10.5281/zenodo.6382554)
SSP2-4.5,medium,2100,2.34,1.79,3.17,1.49,3.88,1995-2014 mean,https://zenodo.org/records/6382554/files/ar6-regional-confidence.zip (DOI 10.5281/zenodo.6382554)
SSP2-4.5,medium,2110,2.62,1.88,3.64,1.54,4.45,1995-2014 mean,https://zenodo.org/records/6382554/files/ar6-regional-confidence.zip (DOI 10.5281/zenodo.6382554)
SSP2-4.5,medium,2120,2.91,2.08,4.08,1.7,5.0,1995-2014 mean,https://zenodo.org/records/6382554/files/ar6-regional-confidence.zip (DOI 10.5281/zenodo.6382554)
SSP2-4.5,medium,2130,3.2,2.27,4.52,1.85,5.54,1995-2014 mean,https://zenodo.org/records/6382554/files/ar6-regional-confidence.zip (DOI 10.5281/zenodo.6382554)
SSP2-4.5,medium,2140,3.49,2.46,4.95,2.0,6.08,1995-2014 mean,https://zenodo.org/records/6382554/files/ar6-regional-confidence.zip (DOI 10.5281/zenodo.6382554)
SSP2-4.5,medium,2150,3.77,2.65,5.38,2.15,6.62,1995-2014 mean,https://zenodo.org/records/6382554/files/ar6-regional-confidence.zip (DOI 10.5281/zenodo.6382554)
SSP3-7.0,medium,2020,0.27,0.2,0.34,0.15,0.41,1995-2014 mean,https://zenodo.org/records/6382554/files/ar6-regional-confidence.zip (DOI 10.5281/zenodo.6382554)
SSP3-7.0,medium,2030,0.47,0.35,0.61,0.28,0.73,1995-2014 mean,https://zenodo.org/records/6382554/files/ar6-regional-confidence.zip (DOI 10.5281/zenodo.6382554)
SSP3-7.0,medium,2040,0.69,0.53,0.9,0.43,1.07,1995-2014 mean,https://zenodo.org/records/6382554/files/ar6-regional-confidence.zip (DOI 10.5281/zenodo.6382554)
SSP3-7.0,medium,2050,0.97,0.77,1.24,0.65,1.47,1995-2014 mean,https://zenodo.org/records/6382554/files/ar6-regional-confidence.zip (DOI 10.5281/zenodo.6382554)
SSP3-7.0,medium,2060,1.25,1.0,1.59,0.85,1.91,1995-2014 mean,https://zenodo.org/records/6382554/files/ar6-regional-confidence.zip (DOI 10.5281/zenodo.6382554)
SSP3-7.0,medium,2070,1.56,1.27,2.02,1.1,2.43,1995-2014 mean,https://zenodo.org/records/6382554/files/ar6-regional-confidence.zip (DOI 10.5281/zenodo.6382554)
SSP3-7.0,medium,2080,1.91,1.55,2.47,1.34,3.0,1995-2014 mean,https://zenodo.org/records/6382554/files/ar6-regional-confidence.zip (DOI 10.5281/zenodo.6382554)
SSP3-7.0,medium,2090,2.29,1.85,3.0,1.61,3.64,1995-2014 mean,https://zenodo.org/records/6382554/files/ar6-regional-confidence.zip (DOI 10.5281/zenodo.6382554)
SSP3-7.0,medium,2100,2.72,2.17,3.59,1.88,4.37,1995-2014 mean,https://zenodo.org/records/6382554/files/ar6-regional-confidence.zip (DOI 10.5281/zenodo.6382554)
SSP3-7.0,medium,2110,3.02,2.24,4.07,1.9,4.99,1995-2014 mean,https://zenodo.org/records/6382554/files/ar6-regional-confidence.zip (DOI 10.5281/zenodo.6382554)
SSP3-7.0,medium,2120,3.42,2.53,4.63,2.14,5.7,1995-2014 mean,https://zenodo.org/records/6382554/files/ar6-regional-confidence.zip (DOI 10.5281/zenodo.6382554)
SSP3-7.0,medium,2130,3.81,2.81,5.19,2.39,6.39,1995-2014 mean,https://zenodo.org/records/6382554/files/ar6-regional-confidence.zip (DOI 10.5281/zenodo.6382554)
SSP3-7.0,medium,2140,4.21,3.09,5.75,2.62,7.09,1995-2014 mean,https://zenodo.org/records/6382554/files/ar6-regional-confidence.zip (DOI 10.5281/zenodo.6382554)
SSP3-7.0,medium,2150,4.58,3.36,6.3,2.84,7.77,1995-2014 mean,https://zenodo.org/records/6382554/files/ar6-regional-confidence.zip (DOI 10.5281/zenodo.6382554)
SSP5-8.5,medium,2020,0.26,0.2,0.33,0.16,0.39,1995-2014 mean,https://zenodo.org/records/6382554/files/ar6-regional-confidence.zip (DOI 10.5281/zenodo.6382554)
SSP5-8.5,medium,2030,0.48,0.36,0.62,0.28,0.73,1995-2014 mean,https://zenodo.org/records/6382554/files/ar6-regional-confidence.zip (DOI 10.5281/zenodo.6382554)
SSP5-8.5,medium,2040,0.73,0.55,0.94,0.44,1.13,1995-2014 mean,https://zenodo.org/records/6382554/files/ar6-regional-confidence.zip (DOI 10.5281/zenodo.6382554)
SSP5-8.5,medium,2050,1.03,0.81,1.33,0.67,1.58,1995-2014 mean,https://zenodo.org/records/6382554/files/ar6-regional-confidence.zip (DOI 10.5281/zenodo.6382554)
SSP5-8.5,medium,2060,1.33,1.06,1.72,0.9,2.05,1995-2014 mean,https://zenodo.org/records/6382554/files/ar6-regional-confidence.zip (DOI 10.5281/zenodo.6382554)
SSP5-8.5,medium,2070,1.69,1.34,2.19,1.15,2.64,1995-2014 mean,https://zenodo.org/records/6382554/files/ar6-regional-confidence.zip (DOI 10.5281/zenodo.6382554)
SSP5-8.5,medium,2080,2.08,1.63,2.73,1.39,3.31,1995-2014 mean,https://zenodo.org/records/6382554/files/ar6-regional-confidence.zip (DOI 10.5281/zenodo.6382554)
SSP5-8.5,medium,2090,2.52,2.0,3.34,1.73,4.07,1995-2014 mean,https://zenodo.org/records/6382554/files/ar6-regional-confidence.zip (DOI 10.5281/zenodo.6382554)
SSP5-8.5,medium,2100,3.01,2.37,4.02,2.03,4.93,1995-2014 mean,https://zenodo.org/records/6382554/files/ar6-regional-confidence.zip (DOI 10.5281/zenodo.6382554)
SSP5-8.5,medium,2110,3.35,2.42,4.67,2.01,5.74,1995-2014 mean,https://zenodo.org/records/6382554/files/ar6-regional-confidence.zip (DOI 10.5281/zenodo.6382554)
SSP5-8.5,medium,2120,3.8,2.74,5.34,2.27,6.57,1995-2014 mean,https://zenodo.org/records/6382554/files/ar6-regional-confidence.zip (DOI 10.5281/zenodo.6382554)
SSP5-8.5,medium,2130,4.24,3.04,5.98,2.53,7.38,1995-2014 mean,https://zenodo.org/records/6382554/files/ar6-regional-confidence.zip (DOI 10.5281/zenodo.6382554)
SSP5-8.5,medium,2140,4.65,3.32,6.61,2.77,8.17,1995-2014 mean,https://zenodo.org/records/6382554/files/ar6-regional-confidence.zip (DOI 10.5281/zenodo.6382554)
SSP5-8.5,medium,2150,5.05,3.59,7.22,2.99,8.95,1995-2014 mean,https://zenodo.org/records/6382554/files/ar6-regional-confidence.zip (DOI 10.5281/zenodo.6382554)
SSP1-2.6,low,2020,0.27,0.18,0.37,0.12,0.43,1995-2014 mean,https://zenodo.org/records/6382554/files/ar6-regional-confidence.zip (DOI 10.5281/zenodo.6382554)
SSP1-2.6,low,2030,0.49,0.35,0.68,0.26,0.81,1995-2014 mean,https://zenodo.org/records/6382554/files/ar6-regional-confidence.zip (DOI 10.5281/zenodo.6382554)
SSP1-2.6,low,2040,0.7,0.52,1.0,0.41,1.24,1995-2014 mean,https://zenodo.org/records/6382554/files/ar6-regional-confidence.zip (DOI 10.5281/zenodo.6382554)
SSP1-2.6,low,2050,0.93,0.71,1.33,0.59,1.67,1995-2014 mean,https://zenodo.org/records/6382554/files/ar6-regional-confidence.zip (DOI 10.5281/zenodo.6382554)
SSP1-2.6,low,2060,1.14,0.87,1.67,0.73,2.11,1995-2014 mean,https://zenodo.org/records/6382554/files/ar6-regional-confidence.zip (DOI 10.5281/zenodo.6382554)
SSP1-2.6,low,2070,1.37,1.05,2.0,0.89,2.55,1995-2014 mean,https://zenodo.org/records/6382554/files/ar6-regional-confidence.zip (DOI 10.5281/zenodo.6382554)
SSP1-2.6,low,2080,1.58,1.18,2.35,1.0,3.02,1995-2014 mean,https://zenodo.org/records/6382554/files/ar6-regional-confidence.zip (DOI 10.5281/zenodo.6382554)
SSP1-2.6,low,2090,1.78,1.32,2.7,1.1,3.56,1995-2014 mean,https://zenodo.org/records/6382554/files/ar6-regional-confidence.zip (DOI 10.5281/zenodo.6382554)
SSP1-2.6,low,2100,1.98,1.46,3.05,1.2,4.1,1995-2014 mean,https://zenodo.org/records/6382554/files/ar6-regional-confidence.zip (DOI 10.5281/zenodo.6382554)
SSP1-2.6,low,2110,2.23,1.54,3.44,1.26,4.66,1995-2014 mean,https://zenodo.org/records/6382554/files/ar6-regional-confidence.zip (DOI 10.5281/zenodo.6382554)
SSP1-2.6,low,2120,2.45,1.66,3.85,1.35,5.19,1995-2014 mean,https://zenodo.org/records/6382554/files/ar6-regional-confidence.zip (DOI 10.5281/zenodo.6382554)
SSP1-2.6,low,2130,2.67,1.77,4.25,1.43,5.74,1995-2014 mean,https://zenodo.org/records/6382554/files/ar6-regional-confidence.zip (DOI 10.5281/zenodo.6382554)
SSP1-2.6,low,2140,2.88,1.88,4.65,1.51,6.31,1995-2014 mean,https://zenodo.org/records/6382554/files/ar6-regional-confidence.zip (DOI 10.5281/zenodo.6382554)
SSP1-2.6,low,2150,3.11,1.99,5.06,1.59,6.89,1995-2014 mean,https://zenodo.org/records/6382554/files/ar6-regional-confidence.zip (DOI 10.5281/zenodo.6382554)
SSP1-2.6,low,2160,3.34,2.1,5.49,1.66,7.48,1995-2014 mean,https://zenodo.org/records/6382554/files/ar6-regional-confidence.zip (DOI 10.5281/zenodo.6382554)
SSP1-2.6,low,2170,3.58,2.2,5.92,1.74,8.1,1995-2014 mean,https://zenodo.org/records/6382554/files/ar6-regional-confidence.zip (DOI 10.5281/zenodo.6382554)
SSP1-2.6,low,2180,3.82,2.3,6.35,1.81,8.76,1995-2014 mean,https://zenodo.org/records/6382554/files/ar6-regional-confidence.zip (DOI 10.5281/zenodo.6382554)
SSP1-2.6,low,2190,4.06,2.4,6.79,1.88,9.41,1995-2014 mean,https://zenodo.org/records/6382554/files/ar6-regional-confidence.zip (DOI 10.5281/zenodo.6382554)
SSP1-2.6,low,2200,4.31,2.5,7.22,1.95,10.09,1995-2014 mean,https://zenodo.org/records/6382554/files/ar6-regional-confidence.zip (DOI 10.5281/zenodo.6382554)
SSP1-2.6,low,2210,4.56,2.6,7.67,2.01,10.77,1995-2014 mean,https://zenodo.org/records/6382554/files/ar6-regional-confidence.zip (DOI 10.5281/zenodo.6382554)
SSP1-2.6,low,2220,4.8,2.69,8.12,2.08,11.47,1995-2014 mean,https://zenodo.org/records/6382554/files/ar6-regional-confidence.zip (DOI 10.5281/zenodo.6382554)
SSP1-2.6,low,2230,5.03,2.78,8.56,2.14,12.21,1995-2014 mean,https://zenodo.org/records/6382554/files/ar6-regional-confidence.zip (DOI 10.5281/zenodo.6382554)
SSP1-2.6,low,2240,5.26,2.87,9.0,2.17,12.94,1995-2014 mean,https://zenodo.org/records/6382554/files/ar6-regional-confidence.zip (DOI 10.5281/zenodo.6382554)
SSP1-2.6,low,2250,5.48,2.97,9.44,2.21,13.69,1995-2014 mean,https://zenodo.org/records/6382554/files/ar6-regional-confidence.zip (DOI 10.5281/zenodo.6382554)
SSP1-2.6,low,2260,5.69,3.05,9.9,2.24,14.43,1995-2014 mean,https://zenodo.org/records/6382554/files/ar6-regional-confidence.zip (DOI 10.5281/zenodo.6382554)
SSP1-2.6,low,2270,5.89,3.14,10.38,2.27,15.22,1995-2014 mean,https://zenodo.org/records/6382554/files/ar6-regional-confidence.zip (DOI 10.5281/zenodo.6382554)
SSP1-2.6,low,2280,6.1,3.23,10.85,2.29,16.01,1995-2014 mean,https://zenodo.org/records/6382554/files/ar6-regional-confidence.zip (DOI 10.5281/zenodo.6382554)
SSP1-2.6,low,2290,6.3,3.32,11.33,2.3,16.83,1995-2014 mean,https://zenodo.org/records/6382554/files/ar6-regional-confidence.zip (DOI 10.5281/zenodo.6382554)
SSP1-2.6,low,2300,6.5,3.4,11.83,2.32,17.69,1995-2014 mean,https://zenodo.org/records/6382554/files/ar6-regional-confidence.zip (DOI 10.5281/zenodo.6382554)
SSP2-4.5,low,2020,0.27,0.19,0.36,0.14,0.41,1995-2014 mean,https://zenodo.org/records/6382554/files/ar6-regional-confidence.zip (DOI 10.5281/zenodo.6382554)
SSP2-4.5,low,2030,0.48,0.35,0.66,0.27,0.78,1995-2014 mean,https://zenodo.org/records/6382554/files/ar6-regional-confidence.zip (DOI 10.5281/zenodo.6382554)
SSP2-4.5,low,2040,0.71,0.52,1.0,0.41,1.24,1995-2014 mean,https://zenodo.org/records/6382554/files/ar6-regional-confidence.zip (DOI 10.5281/zenodo.6382554)
SSP2-4.5,low,2050,0.97,0.74,1.36,0.6,1.71,1995-2014 mean,https://zenodo.org/records/6382554/files/ar6-regional-confidence.zip (DOI 10.5281/zenodo.6382554)
SSP2-4.5,low,2060,1.23,0.94,1.74,0.78,2.18,1995-2014 mean,https://zenodo.org/records/6382554/files/ar6-regional-confidence.zip (DOI 10.5281/zenodo.6382554)
SSP2-4.5,low,2070,1.51,1.15,2.13,0.97,2.68,1995-2014 mean,https://zenodo.org/records/6382554/files/ar6-regional-confidence.zip (DOI 10.5281/zenodo.6382554)
SSP2-4.5,low,2080,1.79,1.39,2.53,1.17,3.21,1995-2014 mean,https://zenodo.org/records/6382554/files/ar6-regional-confidence.zip (DOI 10.5281/zenodo.6382554)
SSP2-4.5,low,2090,2.07,1.6,2.94,1.33,3.81,1995-2014 mean,https://zenodo.org/records/6382554/files/ar6-regional-confidence.zip (DOI 10.5281/zenodo.6382554)
SSP2-4.5,low,2100,2.37,1.79,3.39,1.45,4.43,1995-2014 mean,https://zenodo.org/records/6382554/files/ar6-regional-confidence.zip (DOI 10.5281/zenodo.6382554)
SSP2-4.5,low,2110,2.68,1.88,3.86,1.54,5.07,1995-2014 mean,https://zenodo.org/records/6382554/files/ar6-regional-confidence.zip (DOI 10.5281/zenodo.6382554)
SSP2-4.5,low,2120,3.0,2.08,4.34,1.7,5.69,1995-2014 mean,https://zenodo.org/records/6382554/files/ar6-regional-confidence.zip (DOI 10.5281/zenodo.6382554)
SSP2-4.5,low,2130,3.31,2.27,4.84,1.85,6.35,1995-2014 mean,https://zenodo.org/records/6382554/files/ar6-regional-confidence.zip (DOI 10.5281/zenodo.6382554)
SSP2-4.5,low,2140,3.65,2.46,5.34,2.0,6.99,1995-2014 mean,https://zenodo.org/records/6382554/files/ar6-regional-confidence.zip (DOI 10.5281/zenodo.6382554)
SSP2-4.5,low,2150,3.98,2.65,5.85,2.15,7.65,1995-2014 mean,https://zenodo.org/records/6382554/files/ar6-regional-confidence.zip (DOI 10.5281/zenodo.6382554)
SSP2-4.5,low,2160,4.32,2.83,6.35,2.29,8.33,1995-2014 mean,https://zenodo.org/records/6382554/files/ar6-regional-confidence.zip (DOI 10.5281/zenodo.6382554)
SSP2-4.5,low,2170,4.67,3.0,6.85,2.43,9.04,1995-2014 mean,https://zenodo.org/records/6382554/files/ar6-regional-confidence.zip (DOI 10.5281/zenodo.6382554)
SSP2-4.5,low,2180,5.0,3.17,7.37,2.57,9.76,1995-2014 mean,https://zenodo.org/records/6382554/files/ar6-regional-confidence.zip (DOI 10.5281/zenodo.6382554)
SSP2-4.5,low,2190,5.33,3.33,7.89,2.7,10.5,1995-2014 mean,https://zenodo.org/records/6382554/files/ar6-regional-confidence.zip (DOI 10.5281/zenodo.6382554)
SSP2-4.5,low,2200,5.67,3.49,8.4,2.82,11.2,1995-2014 mean,https://zenodo.org/records/6382554/files/ar6-regional-confidence.zip (DOI 10.5281/zenodo.6382554)
SSP2-4.5,low,2210,6.0,3.65,8.88,2.94,11.95,1995-2014 mean,https://zenodo.org/records/6382554/files/ar6-regional-confidence.zip (DOI 10.5281/zenodo.6382554)
SSP2-4.5,low,2220,6.31,3.79,9.38,3.04,12.72,1995-2014 mean,https://zenodo.org/records/6382554/files/ar6-regional-confidence.zip (DOI 10.5281/zenodo.6382554)
SSP2-4.5,low,2230,6.61,3.93,9.88,3.15,13.49,1995-2014 mean,https://zenodo.org/records/6382554/files/ar6-regional-confidence.zip (DOI 10.5281/zenodo.6382554)
SSP2-4.5,low,2240,6.9,4.06,10.36,3.25,14.3,1995-2014 mean,https://zenodo.org/records/6382554/files/ar6-regional-confidence.zip (DOI 10.5281/zenodo.6382554)
SSP2-4.5,low,2250,7.19,4.19,10.86,3.35,15.1,1995-2014 mean,https://zenodo.org/records/6382554/files/ar6-regional-confidence.zip (DOI 10.5281/zenodo.6382554)
SSP2-4.5,low,2260,7.47,4.32,11.36,3.44,15.93,1995-2014 mean,https://zenodo.org/records/6382554/files/ar6-regional-confidence.zip (DOI 10.5281/zenodo.6382554)
SSP2-4.5,low,2270,7.74,4.45,11.88,3.53,16.72,1995-2014 mean,https://zenodo.org/records/6382554/files/ar6-regional-confidence.zip (DOI 10.5281/zenodo.6382554)
SSP2-4.5,low,2280,8.01,4.56,12.41,3.6,17.58,1995-2014 mean,https://zenodo.org/records/6382554/files/ar6-regional-confidence.zip (DOI 10.5281/zenodo.6382554)
SSP2-4.5,low,2290,8.27,4.68,12.92,3.65,18.43,1995-2014 mean,https://zenodo.org/records/6382554/files/ar6-regional-confidence.zip (DOI 10.5281/zenodo.6382554)
SSP2-4.5,low,2300,8.53,4.8,13.45,3.69,19.31,1995-2014 mean,https://zenodo.org/records/6382554/files/ar6-regional-confidence.zip (DOI 10.5281/zenodo.6382554)
SSP5-8.5,low,2020,0.27,0.2,0.36,0.16,0.41,1995-2014 mean,https://zenodo.org/records/6382554/files/ar6-regional-confidence.zip (DOI 10.5281/zenodo.6382554)
SSP5-8.5,low,2030,0.48,0.36,0.68,0.28,0.84,1995-2014 mean,https://zenodo.org/records/6382554/files/ar6-regional-confidence.zip (DOI 10.5281/zenodo.6382554)
SSP5-8.5,low,2040,0.74,0.55,1.1,0.44,1.42,1995-2014 mean,https://zenodo.org/records/6382554/files/ar6-regional-confidence.zip (DOI 10.5281/zenodo.6382554)
SSP5-8.5,low,2050,1.06,0.8,1.59,0.65,2.11,1995-2014 mean,https://zenodo.org/records/6382554/files/ar6-regional-confidence.zip (DOI 10.5281/zenodo.6382554)
SSP5-8.5,low,2060,1.38,1.05,2.2,0.9,2.91,1995-2014 mean,https://zenodo.org/records/6382554/files/ar6-regional-confidence.zip (DOI 10.5281/zenodo.6382554)
SSP5-8.5,low,2070,1.78,1.34,2.94,1.15,3.93,1995-2014 mean,https://zenodo.org/records/6382554/files/ar6-regional-confidence.zip (DOI 10.5281/zenodo.6382554)
SSP5-8.5,low,2080,2.24,1.63,3.78,1.39,5.2,1995-2014 mean,https://zenodo.org/records/6382554/files/ar6-regional-confidence.zip (DOI 10.5281/zenodo.6382554)
SSP5-8.5,low,2090,2.79,2.0,4.7,1.73,6.69,1995-2014 mean,https://zenodo.org/records/6382554/files/ar6-regional-confidence.zip (DOI 10.5281/zenodo.6382554)
SSP5-8.5,low,2100,3.43,2.37,5.71,2.02,8.39,1995-2014 mean,https://zenodo.org/records/6382554/files/ar6-regional-confidence.zip (DOI 10.5281/zenodo.6382554)
SSP5-8.5,low,2110,4.04,2.42,6.73,2.01,10.32,1995-2014 mean,https://zenodo.org/records/6382554/files/ar6-regional-confidence.zip (DOI 10.5281/zenodo.6382554)
SSP5-8.5,low,2120,4.78,2.74,8.17,2.27,12.47,1995-2014 mean,https://zenodo.org/records/6382554/files/ar6-regional-confidence.zip (DOI 10.5281/zenodo.6382554)
SSP5-8.5,low,2130,5.6,3.04,10.86,2.53,14.77,1995-2014 mean,https://zenodo.org/records/6382554/files/ar6-regional-confidence.zip (DOI 10.5281/zenodo.6382554)
SSP5-8.5,low,2140,6.5,3.32,14.46,2.77,17.17,1995-2014 mean,https://zenodo.org/records/6382554/files/ar6-regional-confidence.zip (DOI 10.5281/zenodo.6382554)
SSP5-8.5,low,2150,7.5,3.59,18.38,2.99,20.78,1995-2014 mean,https://zenodo.org/records/6382554/files/ar6-regional-confidence.zip (DOI 10.5281/zenodo.6382554)
SSP5-8.5,low,2160,8.54,3.84,22.16,3.19,24.98,1995-2014 mean,https://zenodo.org/records/6382554/files/ar6-regional-confidence.zip (DOI 10.5281/zenodo.6382554)
SSP5-8.5,low,2170,9.53,4.07,25.84,3.38,29.1,1995-2014 mean,https://zenodo.org/records/6382554/files/ar6-regional-confidence.zip (DOI 10.5281/zenodo.6382554)
SSP5-8.5,low,2180,10.47,4.29,29.38,3.55,32.47,1995-2014 mean,https://zenodo.org/records/6382554/files/ar6-regional-confidence.zip (DOI 10.5281/zenodo.6382554)
SSP5-8.5,low,2190,11.39,4.5,32.27,3.7,35.38,1995-2014 mean,https://zenodo.org/records/6382554/files/ar6-regional-confidence.zip (DOI 10.5281/zenodo.6382554)
SSP5-8.5,low,2200,12.31,4.7,34.85,3.85,38.16,1995-2014 mean,https://zenodo.org/records/6382554/files/ar6-regional-confidence.zip (DOI 10.5281/zenodo.6382554)
SSP5-8.5,low,2210,13.21,4.9,37.33,3.99,40.87,1995-2014 mean,https://zenodo.org/records/6382554/files/ar6-regional-confidence.zip (DOI 10.5281/zenodo.6382554)
SSP5-8.5,low,2220,14.03,5.08,39.7,4.12,43.62,1995-2014 mean,https://zenodo.org/records/6382554/files/ar6-regional-confidence.zip (DOI 10.5281/zenodo.6382554)
SSP5-8.5,low,2230,14.8,5.25,42.08,4.24,46.46,1995-2014 mean,https://zenodo.org/records/6382554/files/ar6-regional-confidence.zip (DOI 10.5281/zenodo.6382554)
SSP5-8.5,low,2240,15.53,5.42,44.48,4.35,49.31,1995-2014 mean,https://zenodo.org/records/6382554/files/ar6-regional-confidence.zip (DOI 10.5281/zenodo.6382554)
SSP5-8.5,low,2250,16.24,5.59,46.95,4.46,52.03,1995-2014 mean,https://zenodo.org/records/6382554/files/ar6-regional-confidence.zip (DOI 10.5281/zenodo.6382554)
SSP5-8.5,low,2260,16.94,5.74,49.48,4.57,54.66,1995-2014 mean,https://zenodo.org/records/6382554/files/ar6-regional-confidence.zip (DOI 10.5281/zenodo.6382554)
SSP5-8.5,low,2270,17.62,5.9,51.99,4.67,57.26,1995-2014 mean,https://zenodo.org/records/6382554/files/ar6-regional-confidence.zip (DOI 10.5281/zenodo.6382554)
SSP5-8.5,low,2280,18.29,6.04,54.38,4.76,59.72,1995-2014 mean,https://zenodo.org/records/6382554/files/ar6-regional-confidence.zip (DOI 10.5281/zenodo.6382554)
SSP5-8.5,low,2290,18.96,6.18,56.7,4.85,62.02,1995-2014 mean,https://zenodo.org/records/6382554/files/ar6-regional-confidence.zip (DOI 10.5281/zenodo.6382554)
SSP5-8.5,low,2300,19.62,6.32,58.94,4.92,64.25,1995-2014 mean,https://zenodo.org/records/6382554/files/ar6-regional-confidence.zip (DOI 10.5281/zenodo.6382554)
