scenario,projection_year,rsl_ft,ci_low_ft,ci_high_ft,source
High,2005,0.0,0.0,0.0,"NOAA 2022 Sea Level Rise Technical Report, station 8723214"
High,2020,0.3,0.23,0.36,"NOAA 2022 Sea Level Rise Technical Report, station 8723214"
High,2030,0.56,0.39,0.75,"NOAA 2022 Sea Level Rise Technical Report, station 8723214"
High,2040,0.95,0.66,1.28,"NOAA 2022 Sea Level Rise Technical Report, station 8723214"
High,2050,1.48,1.08,1.97,"NOAA 2022 Sea Level Rise Technical Report, station 8723214"
High,2060,2.23,1.71,2.82,"NOAA 2022 Sea Level Rise Technical Report, station 8723214"
High,2070,3.22,2.46,3.84,"NOAA 2022 Sea Level Rise Technical Report, station 8723214"
High,2080,4.4,3.44,5.02,"NOAA 2022 Sea Level Rise Technical Report, station 8723214"
High,2090,5.64,4.76,6.3,"NOAA 2022 Sea Level Rise Technical Report, station 8723214"
High,2100,6.96,6.1,7.64,"NOAA 2022 Sea Level Rise Technical Report, station 8723214"
High,2110,8.33,7.09,9.25,"NOAA 2022 Sea Level Rise Technical Report, station 8723214"
High,2120,9.51,7.84,11.06,"NOAA 2022 Sea Level Rise Technical Report, station 8723214"
High,2130,10.5,8.46,13.32,"NOAA 2022 Sea Level Rise Technical Report, station 8723214"
High,2140,11.48,8.99,15.65,"NOAA 2022 Sea Level Rise Technical Report, station 8723214"
High,2150,12.3,9.45,18.11,"NOAA 2022 Sea Level Rise Technical Report, station 8723214"
Intermediate,2005,0.0,0.0,0.0,"NOAA 2022 Sea Level Rise Technical Report, station 8723214"
Intermediate,2020,0.3,0.23,0.36,"NOAA 2022 Sea Level Rise Technical Report, station 8723214"
Intermediate,2030,0.52,0.39,0.62,"NOAA 2022 Sea Level Rise Technical Report, station 8723214"
Intermediate,2040,0.75,0.59,0.95,"NOAA 2022 Sea Level Rise Technical Report, station 8723214"
Intermediate,2050,1.05,0.85,1.31,"NOAA 2022 Sea Level Rise Technical Report, station 8723214"
Intermediate,2060,1.38,1.12,1.71,"NOAA 2022 Sea Level Rise Technical Report, station 8723214"
Intermediate,2070,1.8,1.48,2.2,"NOAA 2022 Sea Level Rise Technical Report, station 8723214"
Intermediate,2080,2.3,1.87,2.72,"NOAA 2022 Sea Level Rise Technical Report, station 8723214"
Intermediate,2090,2.89,2.43,3.35,"NOAA 2022 Sea Level Rise Technical Report, station 8723214"
Intermediate,2100,3.64,2.95,4.1,"NOAA 2022 Sea Level Rise Technical Report, station 8723214"
Intermediate,2110,4.36,3.48,5.15,"NOAA 2022 Sea Level Rise Technical Report, station 8723214"
Intermediate,2120,5.05,3.9,6.56,"NOAA 2022 Sea Level Rise Technical Report, station 8723214"
Intermediate,2130,5.61,4.33,8.3,"NOAA 2022 Sea Level Rise Technical Report, station 8723214"
Intermediate,2140,6.23,4.76,10.53,"NOAA 2022 Sea Level Rise Technical Report, station 8723214"
Intermediate,2150,6.79,5.12,13.09,"NOAA 2022 Sea Level Rise Technical Report, station 8723214"
Intermediate-High,2005,0.0,0.0,0.0,"NOAA 2022 Sea Level Rise Technical Report, station 8723214"
Intermediate-High,2020,0.3,0.23,0.36,"NOAA 2022 Sea Level Rise Technical Report, station 8723214"
Intermediate-High,2030,0.52,0.39,0.69,"NOAA 2022 Sea Level Rise Technical Report, station 8723214"
Intermediate-High,2040,0.85,0.66,1.18,"NOAA 2022 Sea Level Rise Technical Report, station 8723214"
Intermediate-High,2050,1.25,0.95,1.74,"NOAA 2022 Sea Level Rise Technical Report, station 8723214"
Intermediate-High,2060,1.8,1.38,2.36,"NOAA 2022 Sea Level Rise Technical Report, station 8723214"
Intermediate-High,2070,2.53,1.87,3.12,"NOAA 2022 Sea Level Rise Technical Report, station 8723214"
Intermediate-High,2080,3.31,2.49,4.0,"NOAA 2022 Sea Level Rise Technical Report, station 8723214"
Intermediate-High,2090,4.23,3.25,4.89,"NOAA 2022 Sea Level Rise Technical Report, station 8723214"
Intermediate-High,2100,5.25,3.94,5.84,"NOAA 2022 Sea Level Rise Technical Report, station 8723214"
Intermediate-High,2110,6.17,4.63,6.99,"NOAA 2022 Sea Level Rise Technical Report, station 8723214"
Intermediate-High,2120,6.89,5.18,8.4,"NOAA 2022 Sea Level Rise Technical Report, station 8723214"
Intermediate-High,2130,7.55,5.74,9.58,"NOAA 2022 Sea Level Rise Technical Report, station 8723214"
Intermediate-High,2140,8.2,6.3,10.99,"NOAA 2022 Sea Level Rise Technical Report, station 8723214"
Intermediate-High,2150,8.83,6.73,12.37,"NOAA 2022 Sea Level Rise Technical Report, station 8723214"
Intermediate-Low,2005,0.0,0.0,0.0,"NOAA 2022 Sea Level Rise Technical Report, station 8723214"
Intermediate-Low,2020,0.3,0.23,0.36,"NOAA 2022 Sea Level Rise Technical Report, station 8723214"
Intermediate-Low,2030,0.49,0.36,0.62,"NOAA 2022 Sea Level Rise Technical Report, station 8723214"
Intermediate-Low,2040,0.69,0.56,0.85,"NOAA 2022 Sea Level Rise Technical Report, station 8723214"
Intermediate-Low,2050,0.92,0.72,1.12,"NOAA 2022 Sea Level Rise Technical Report, station 8723214"
Intermediate-Low,2060,1.15,0.95,1.38,"NOAA 2022 Sea Level Rise Technical Report, station 8723214"
Intermediate-Low,2070,1.38,1.15,1.64,"NOAA 2022 Sea Level Rise Technical Report, station 8723214"
Intermediate-Low,2080,1.61,1.38,1.87,"NOAA 2022 Sea Level Rise Technical Report, station 8723214"
Intermediate-Low,2090,1.84,1.57,2.13,"NOAA 2022 Sea Level Rise Technical Report, station 8723214"
Intermediate-Low,2100,2.1,1.8,2.46,"NOAA 2022 Sea Level Rise Technical Report, station 8723214"
Intermediate-Low,2110,2.36,2.0,2.76,"NOAA 2022 Sea Level Rise Technical Report, station 8723214"
Intermediate-Low,2120,2.59,2.23,3.08,"NOAA 2022 Sea Level Rise Technical Report, station 8723214"
Intermediate-Low,2130,2.89,2.43,3.41,"NOAA 2022 Sea Level Rise Technical Report, station 8723214"
Intermediate-Low,2140,3.15,2.62,3.77,"NOAA 2022 Sea Level Rise Technical Report, station 8723214"
Intermediate-Low,2150,3.41,2.82,4.17,"NOAA 2022 Sea Level Rise Technical Report, station 8723214"
Low,2005,0.0,0.0,0.0,"NOAA 2022 Sea Level Rise Technical Report, station 8723214"
Low,2020,0.26,0.16,0.33,"NOAA 2022 Sea Level Rise Technical Report, station 8723214"
Low,2030,0.43,0.33,0.56,"NOAA 2022 Sea Level Rise Technical Report, station 8723214"
Low,2040,0.59,0.46,0.75,"NOAA 2022 Sea Level Rise Technical Report, station 8723214"
Low,2050,0.79,0.62,0.95,"NOAA 2022 Sea Level Rise Technical Report, station 8723214"
Low,2060,0.92,0.72,1.18,"NOAA 2022 Sea Level Rise Technical Report, station 8723214"
Low,2070,1.05,0.85,1.31,"NOAA 2022 Sea Level Rise Technical Report, station 8723214"
Low,2080,1.18,0.98,1.44,"NOAA 2022 Sea Level Rise Technical Report, station 8723214"
Low,2090,1.31,1.05,1.61,"NOAA 2022 Sea Level Rise Technical Report, station 8723214"
Low,2100,1.44,1.18,1.8,"NOAA 2022 Sea Level Rise Technical Report, station 8723214"
Low,2110,1.61,1.28,2.0,"NOAA 2022 Sea Level Rise Technical Report, station 8723214"
Low,2120,1.74,1.38,2.17,"NOAA 2022 Sea Level Rise Technical Report, station 8723214"
Low,2130,1.84,1.44,2.33,"NOAA 2022 Sea Level Rise Technical Report, station 8723214"
Low,2140,1.97,1.54,2.53,"NOAA 2022 Sea Level Rise Technical Report, station 8723214"
Low,2150,2.07,1.61,2.69,"NOAA 2022 Sea Level Rise Technical Report, station 8723214"
