metric,geography,as_of_date,value,unit,source_url
Commercial Non-Residential Multiperil building count,"Miami-Dade County, FL",2022-12-31,45,buildings,https://www.citizensfla.com/documents/20702/20355921/20221231+Detail+by+County.pdf/b20ff4aa-34d0-5e83-c79b-11ac1787c090
Commercial Non-Residential Multiperil policies in force,"Miami-Dade County, FL",2022-12-31,37,policies,https://www.citizensfla.com/documents/20702/20355921/20221231+Detail+by+County.pdf/b20ff4aa-34d0-5e83-c79b-11ac1787c090
Commercial Non-Residential Multiperil total exposure,"Miami-Dade County, FL",2022-12-31,41165500,USD,https://www.citizensfla.com/documents/20702/20355921/20221231+Detail+by+County.pdf/b20ff4aa-34d0-5e83-c79b-11ac1787c090
Commercial Non-Residential Multiperil total premium,"Miami-Dade County, FL",2022-12-31,423211,USD,https://www.citizensfla.com/documents/20702/20355921/20221231+Detail+by+County.pdf/b20ff4aa-34d0-5e83-c79b-11ac1787c090
Commercial Non-Residential Wind-Only building count,"Miami-Dade County, FL",2022-12-31,759,buildings,https://www.citizensfla.com/documents/20702/20355921/20221231+Detail+by+County.pdf/b20ff4aa-34d0-5e83-c79b-11ac1787c090
Commercial Non-Residential Wind-Only policies in force,"Miami-Dade County, FL",2022-12-31,577,policies,https://www.citizensfla.com/documents/20702/20355921/20221231+Detail+by+County.pdf/b20ff4aa-34d0-5e83-c79b-11ac1787c090
Commercial Non-Residential Wind-Only total exposure,"Miami-Dade County, FL",2022-12-31,346084966,USD,https://www.citizensfla.com/documents/20702/20355921/20221231+Detail+by+County.pdf/b20ff4aa-34d0-5e83-c79b-11ac1787c090
Commercial Non-Residential Wind-Only total premium,"Miami-Dade County, FL",2022-12-31,5481432,USD,https://www.citizensfla.com/documents/20702/20355921/20221231+Detail+by+County.pdf/b20ff4aa-34d0-5e83-c79b-11ac1787c090
Commercial Residential Multiperil building count,"Miami-Dade County, FL",2022-12-31,1358,buildings,https://www.citizensfla.com/documents/20702/20355921/20221231+Detail+by+County.pdf/b20ff4aa-34d0-5e83-c79b-11ac1787c090
Commercial Residential Multiperil policies in force,"Miami-Dade County, FL",2022-12-31,442,policies,https://www.citizensfla.com/documents/20702/20355921/20221231+Detail+by+County.pdf/b20ff4aa-34d0-5e83-c79b-11ac1787c090
Commercial Residential Multiperil total exposure,"Miami-Dade County, FL",2022-12-31,3797757383,USD,https://www.citizensfla.com/documents/20702/20355921/20221231+Detail+by+County.pdf/b20ff4aa-34d0-5e83-c79b-11ac1787c090
Commercial Residential Multiperil total premium,"Miami-Dade County, FL",2022-12-31,19926546,USD,https://www.citizensfla.com/documents/20702/20355921/20221231+Detail+by+County.pdf/b20ff4aa-34d0-5e83-c79b-11ac1787c090
Commercial Residential Wind-Only building count,"Miami-Dade County, FL",2022-12-31,1361,buildings,https://www.citizensfla.com/documents/20702/20355921/20221231+Detail+by+County.pdf/b20ff4aa-34d0-5e83-c79b-11ac1787c090
Commercial Residential Wind-Only policies in force,"Miami-Dade County, FL",2022-12-31,768,policies,https://www.citizensfla.com/documents/20702/20355921/20221231+Detail+by+County.pdf/b20ff4aa-34d0-5e83-c79b-11ac1787c090
Commercial Residential Wind-Only total exposure,"Miami-Dade County, FL",2022-12-31,4166416563,USD,https://www.citizensfla.com/documents/20702/20355921/20221231+Detail+by+County.pdf/b20ff4aa-34d0-5e83-c79b-11ac1787c090
Commercial Residential Wind-Only total premium,"Miami-Dade County, FL",2022-12-31,33449001,USD,https://www.citizensfla.com/documents/20702/20355921/20221231+Detail+by+County.pdf/b20ff4aa-34d0-5e83-c79b-11ac1787c090
Commercial total policies in force (CR-M+CR-W+CNR-M+CNR-W),"Miami-Dade County, FL",2022-12-31,1824,policies,https://www.citizensfla.com/documents/20702/20355921/20221231+Detail+by+County.pdf/b20ff4aa-34d0-5e83-c79b-11ac1787c090
Personal Residential Multiperil building count,"Miami-Dade County, FL",2022-12-31,196663,buildings,https://www.citizensfla.com/documents/20702/20355921/20221231+Detail+by+County.pdf/b20ff4aa-34d0-5e83-c79b-11ac1787c090
Personal Residential Multiperil policies in force,"Miami-Dade County, FL",2022-12-31,196663,policies,https://www.citizensfla.com/documents/20702/20355921/20221231+Detail+by+County.pdf/b20ff4aa-34d0-5e83-c79b-11ac1787c090
Personal Residential Multiperil total exposure,"Miami-Dade County, FL",2022-12-31,57593005736,USD,https://www.citizensfla.com/documents/20702/20355921/20221231+Detail+by+County.pdf/b20ff4aa-34d0-5e83-c79b-11ac1787c090
Personal Residential Multiperil total premium,"Miami-Dade County, FL",2022-12-31,709199968,USD,https://www.citizensfla.com/documents/20702/20355921/20221231+Detail+by+County.pdf/b20ff4aa-34d0-5e83-c79b-11ac1787c090
Personal Residential Wind-Only building count,"Miami-Dade County, FL",2022-12-31,20460,buildings,https://www.citizensfla.com/documents/20702/20355921/20221231+Detail+by+County.pdf/b20ff4aa-34d0-5e83-c79b-11ac1787c090
Personal Residential Wind-Only policies in force,"Miami-Dade County, FL",2022-12-31,20460,policies,https://www.citizensfla.com/documents/20702/20355921/20221231+Detail+by+County.pdf/b20ff4aa-34d0-5e83-c79b-11ac1787c090
Personal Residential Wind-Only total exposure,"Miami-Dade County, FL",2022-12-31,10901776230,USD,https://www.citizensfla.com/documents/20702/20355921/20221231+Detail+by+County.pdf/b20ff4aa-34d0-5e83-c79b-11ac1787c090
Personal Residential Wind-Only total premium,"Miami-Dade County, FL",2022-12-31,67161378,USD,https://www.citizensfla.com/documents/20702/20355921/20221231+Detail+by+County.pdf/b20ff4aa-34d0-5e83-c79b-11ac1787c090
Personal residential total policies in force (multiperil + wind-only),"Miami-Dade County, FL",2022-12-31,217123,policies,https://www.citizensfla.com/documents/20702/20355921/20221231+Detail+by+County.pdf/b20ff4aa-34d0-5e83-c79b-11ac1787c090
Total building count (all lines),"Miami-Dade County, FL",2022-12-31,220646,buildings,https://www.citizensfla.com/documents/20702/20355921/20221231+Detail+by+County.pdf/b20ff4aa-34d0-5e83-c79b-11ac1787c090
Total insured value / exposure (all lines),"Miami-Dade County, FL",2022-12-31,76846206378,USD,https://www.citizensfla.com/documents/20702/20355921/20221231+Detail+by+County.pdf/b20ff4aa-34d0-5e83-c79b-11ac1787c090
Total policies in force (all lines),"Miami-Dade County, FL",2022-12-31,218947,policies,https://www.citizensfla.com/documents/20702/20355921/20221231+Detail+by+County.pdf/b20ff4aa-34d0-5e83-c79b-11ac1787c090
Total premium (all lines),"Miami-Dade County, FL",2022-12-31,835641536,USD,https://www.citizensfla.com/documents/20702/20355921/20221231+Detail+by+County.pdf/b20ff4aa-34d0-5e83-c79b-11ac1787c090
Commercial Non-Residential Multiperil building count,"Miami-Dade County, FL",2023-12-31,531,buildings,https://www.citizensfla.com/documents/20702/29445098/20231231+Detail+By+County.pdf/0736109d-5343-ae7e-322a-59ad72f083cb
Commercial Non-Residential Multiperil policies in force,"Miami-Dade County, FL",2023-12-31,446,policies,https://www.citizensfla.com/documents/20702/29445098/20231231+Detail+By+County.pdf/0736109d-5343-ae7e-322a-59ad72f083cb
Commercial Non-Residential Multiperil total exposure,"Miami-Dade County, FL",2023-12-31,466053474,USD,https://www.citizensfla.com/documents/20702/29445098/20231231+Detail+By+County.pdf/0736109d-5343-ae7e-322a-59ad72f083cb
Commercial Non-Residential Multiperil total premium,"Miami-Dade County, FL",2023-12-31,5518383,USD,https://www.citizensfla.com/documents/20702/29445098/20231231+Detail+By+County.pdf/0736109d-5343-ae7e-322a-59ad72f083cb
Commercial Non-Residential Wind-Only building count,"Miami-Dade County, FL",2023-12-31,1060,buildings,https://www.citizensfla.com/documents/20702/29445098/20231231+Detail+By+County.pdf/0736109d-5343-ae7e-322a-59ad72f083cb
Commercial Non-Residential Wind-Only policies in force,"Miami-Dade County, FL",2023-12-31,819,policies,https://www.citizensfla.com/documents/20702/29445098/20231231+Detail+By+County.pdf/0736109d-5343-ae7e-322a-59ad72f083cb
Commercial Non-Residential Wind-Only total exposure,"Miami-Dade County, FL",2023-12-31,574076358,USD,https://www.citizensfla.com/documents/20702/29445098/20231231+Detail+By+County.pdf/0736109d-5343-ae7e-322a-59ad72f083cb
Commercial Non-Residential Wind-Only total premium,"Miami-Dade County, FL",2023-12-31,11020309,USD,https://www.citizensfla.com/documents/20702/29445098/20231231+Detail+By+County.pdf/0736109d-5343-ae7e-322a-59ad72f083cb
Commercial Residential Multiperil building count,"Miami-Dade County, FL",2023-12-31,3271,buildings,https://www.citizensfla.com/documents/20702/29445098/20231231+Detail+By+County.pdf/0736109d-5343-ae7e-322a-59ad72f083cb
Commercial Residential Multiperil policies in force,"Miami-Dade County, FL",2023-12-31,896,policies,https://www.citizensfla.com/documents/20702/29445098/20231231+Detail+By+County.pdf/0736109d-5343-ae7e-322a-59ad72f083cb
Commercial Residential Multiperil total exposure,"Miami-Dade County, FL",2023-12-31,8293151947,USD,https://www.citizensfla.com/documents/20702/29445098/20231231+Detail+By+County.pdf/0736109d-5343-ae7e-322a-59ad72f083cb
Commercial Residential Multiperil total premium,"Miami-Dade County, FL",2023-12-31,57622302,USD,https://www.citizensfla.com/documents/20702/29445098/20231231+Detail+By+County.pdf/0736109d-5343-ae7e-322a-59ad72f083cb
Commercial Residential Wind-Only building count,"Miami-Dade County, FL",2023-12-31,2671,buildings,https://www.citizensfla.com/documents/20702/29445098/20231231+Detail+By+County.pdf/0736109d-5343-ae7e-322a-59ad72f083cb
Commercial Residential Wind-Only policies in force,"Miami-Dade County, FL",2023-12-31,1327,policies,https://www.citizensfla.com/documents/20702/29445098/20231231+Detail+By+County.pdf/0736109d-5343-ae7e-322a-59ad72f083cb
Commercial Residential Wind-Only total exposure,"Miami-Dade County, FL",2023-12-31,19402256008,USD,https://www.citizensfla.com/documents/20702/29445098/20231231+Detail+By+County.pdf/0736109d-5343-ae7e-322a-59ad72f083cb
Commercial Residential Wind-Only total premium,"Miami-Dade County, FL",2023-12-31,191127708,USD,https://www.citizensfla.com/documents/20702/29445098/20231231+Detail+By+County.pdf/0736109d-5343-ae7e-322a-59ad72f083cb
Commercial total policies in force (CR-M+CR-W+CNR-M+CNR-W),"Miami-Dade County, FL",2023-12-31,3488,policies,https://www.citizensfla.com/documents/20702/29445098/20231231+Detail+By+County.pdf/0736109d-5343-ae7e-322a-59ad72f083cb
Personal Residential Multiperil building count,"Miami-Dade County, FL",2023-12-31,185214,buildings,https://www.citizensfla.com/documents/20702/29445098/20231231+Detail+By+County.pdf/0736109d-5343-ae7e-322a-59ad72f083cb
Personal Residential Multiperil policies in force,"Miami-Dade County, FL",2023-12-31,185214,policies,https://www.citizensfla.com/documents/20702/29445098/20231231+Detail+By+County.pdf/0736109d-5343-ae7e-322a-59ad72f083cb
Personal Residential Multiperil total exposure,"Miami-Dade County, FL",2023-12-31,54428136320,USD,https://www.citizensfla.com/documents/20702/29445098/20231231+Detail+By+County.pdf/0736109d-5343-ae7e-322a-59ad72f083cb
Personal Residential Multiperil total premium,"Miami-Dade County, FL",2023-12-31,660519632,USD,https://www.citizensfla.com/documents/20702/29445098/20231231+Detail+By+County.pdf/0736109d-5343-ae7e-322a-59ad72f083cb
Personal Residential Wind-Only building count,"Miami-Dade County, FL",2023-12-31,21317,buildings,https://www.citizensfla.com/documents/20702/29445098/20231231+Detail+By+County.pdf/0736109d-5343-ae7e-322a-59ad72f083cb
Personal Residential Wind-Only policies in force,"Miami-Dade County, FL",2023-12-31,21317,policies,https://www.citizensfla.com/documents/20702/29445098/20231231+Detail+By+County.pdf/0736109d-5343-ae7e-322a-59ad72f083cb
Personal Residential Wind-Only total exposure,"Miami-Dade County, FL",2023-12-31,11809362315,USD,https://www.citizensfla.com/documents/20702/29445098/20231231+Detail+By+County.pdf/0736109d-5343-ae7e-322a-59ad72f083cb
Personal Residential Wind-Only total premium,"Miami-Dade County, FL",2023-12-31,76843016,USD,https://www.citizensfla.com/documents/20702/29445098/20231231+Detail+By+County.pdf/0736109d-5343-ae7e-322a-59ad72f083cb
Personal residential total policies in force (multiperil + wind-only),"Miami-Dade County, FL",2023-12-31,206531,policies,https://www.citizensfla.com/documents/20702/29445098/20231231+Detail+By+County.pdf/0736109d-5343-ae7e-322a-59ad72f083cb
Total building count (all lines),"Miami-Dade County, FL",2023-12-31,214064,buildings,https://www.citizensfla.com/documents/20702/29445098/20231231+Detail+By+County.pdf/0736109d-5343-ae7e-322a-59ad72f083cb
Total insured value / exposure (all lines),"Miami-Dade County, FL",2023-12-31,94973036422,USD,https://www.citizensfla.com/documents/20702/29445098/20231231+Detail+By+County.pdf/0736109d-5343-ae7e-322a-59ad72f083cb
Total policies in force (all lines),"Miami-Dade County, FL",2023-12-31,210019,policies,https://www.citizensfla.com/documents/20702/29445098/20231231+Detail+By+County.pdf/0736109d-5343-ae7e-322a-59ad72f083cb
Total premium (all lines),"Miami-Dade County, FL",2023-12-31,1002651350,USD,https://www.citizensfla.com/documents/20702/29445098/20231231+Detail+By+County.pdf/0736109d-5343-ae7e-322a-59ad72f083cb
Commercial Non-Residential Multiperil building count,"Miami-Dade County, FL",2024-12-31,483,buildings,https://www.citizensfla.com/documents/20702/30188280/20241231+Detail+by+County.pdf/7d7859c2-18a1-abf0-6a7e-b0dbdf9dfe8b
Commercial Non-Residential Multiperil policies in force,"Miami-Dade County, FL",2024-12-31,422,policies,https://www.citizensfla.com/documents/20702/30188280/20241231+Detail+by+County.pdf/7d7859c2-18a1-abf0-6a7e-b0dbdf9dfe8b
Commercial Non-Residential Multiperil total exposure,"Miami-Dade County, FL",2024-12-31,383447363,USD,https://www.citizensfla.com/documents/20702/30188280/20241231+Detail+by+County.pdf/7d7859c2-18a1-abf0-6a7e-b0dbdf9dfe8b
Commercial Non-Residential Multiperil total premium,"Miami-Dade County, FL",2024-12-31,4787772,USD,https://www.citizensfla.com/documents/20702/30188280/20241231+Detail+by+County.pdf/7d7859c2-18a1-abf0-6a7e-b0dbdf9dfe8b
Commercial Non-Residential Wind-Only building count,"Miami-Dade County, FL",2024-12-31,786,buildings,https://www.citizensfla.com/documents/20702/30188280/20241231+Detail+by+County.pdf/7d7859c2-18a1-abf0-6a7e-b0dbdf9dfe8b
Commercial Non-Residential Wind-Only policies in force,"Miami-Dade County, FL",2024-12-31,624,policies,https://www.citizensfla.com/documents/20702/30188280/20241231+Detail+by+County.pdf/7d7859c2-18a1-abf0-6a7e-b0dbdf9dfe8b
Commercial Non-Residential Wind-Only total exposure,"Miami-Dade County, FL",2024-12-31,442066611,USD,https://www.citizensfla.com/documents/20702/30188280/20241231+Detail+by+County.pdf/7d7859c2-18a1-abf0-6a7e-b0dbdf9dfe8b
Commercial Non-Residential Wind-Only total premium,"Miami-Dade County, FL",2024-12-31,8815555,USD,https://www.citizensfla.com/documents/20702/30188280/20241231+Detail+by+County.pdf/7d7859c2-18a1-abf0-6a7e-b0dbdf9dfe8b
Commercial Residential Multiperil building count,"Miami-Dade County, FL",2024-12-31,1811,buildings,https://www.citizensfla.com/documents/20702/30188280/20241231+Detail+by+County.pdf/7d7859c2-18a1-abf0-6a7e-b0dbdf9dfe8b
Commercial Residential Multiperil policies in force,"Miami-Dade County, FL",2024-12-31,608,policies,https://www.citizensfla.com/documents/20702/30188280/20241231+Detail+by+County.pdf/7d7859c2-18a1-abf0-6a7e-b0dbdf9dfe8b
Commercial Residential Multiperil total exposure,"Miami-Dade County, FL",2024-12-31,5287228400,USD,https://www.citizensfla.com/documents/20702/30188280/20241231+Detail+by+County.pdf/7d7859c2-18a1-abf0-6a7e-b0dbdf9dfe8b
Commercial Residential Multiperil total premium,"Miami-Dade County, FL",2024-12-31,33970503,USD,https://www.citizensfla.com/documents/20702/30188280/20241231+Detail+by+County.pdf/7d7859c2-18a1-abf0-6a7e-b0dbdf9dfe8b
Commercial Residential Wind-Only building count,"Miami-Dade County, FL",2024-12-31,2138,buildings,https://www.citizensfla.com/documents/20702/30188280/20241231+Detail+by+County.pdf/7d7859c2-18a1-abf0-6a7e-b0dbdf9dfe8b
Commercial Residential Wind-Only policies in force,"Miami-Dade County, FL",2024-12-31,1116,policies,https://www.citizensfla.com/documents/20702/30188280/20241231+Detail+by+County.pdf/7d7859c2-18a1-abf0-6a7e-b0dbdf9dfe8b
Commercial Residential Wind-Only total exposure,"Miami-Dade County, FL",2024-12-31,12090690823,USD,https://www.citizensfla.com/documents/20702/30188280/20241231+Detail+by+County.pdf/7d7859c2-18a1-abf0-6a7e-b0dbdf9dfe8b
Commercial Residential Wind-Only total premium,"Miami-Dade County, FL",2024-12-31,146123852,USD,https://www.citizensfla.com/documents/20702/30188280/20241231+Detail+by+County.pdf/7d7859c2-18a1-abf0-6a7e-b0dbdf9dfe8b
Commercial total policies in force (CR-M+CR-W+CNR-M+CNR-W),"Miami-Dade County, FL",2024-12-31,2770,policies,https://www.citizensfla.com/documents/20702/30188280/20241231+Detail+by+County.pdf/7d7859c2-18a1-abf0-6a7e-b0dbdf9dfe8b
Personal Residential Multiperil building count,"Miami-Dade County, FL",2024-12-31,147057,buildings,https://www.citizensfla.com/documents/20702/30188280/20241231+Detail+by+County.pdf/7d7859c2-18a1-abf0-6a7e-b0dbdf9dfe8b
Personal Residential Multiperil policies in force,"Miami-Dade County, FL",2024-12-31,147057,policies,https://www.citizensfla.com/documents/20702/30188280/20241231+Detail+by+County.pdf/7d7859c2-18a1-abf0-6a7e-b0dbdf9dfe8b
Personal Residential Multiperil total exposure,"Miami-Dade County, FL",2024-12-31,37605135634,USD,https://www.citizensfla.com/documents/20702/30188280/20241231+Detail+by+County.pdf/7d7859c2-18a1-abf0-6a7e-b0dbdf9dfe8b
Personal Residential Multiperil total premium,"Miami-Dade County, FL",2024-12-31,481856595,USD,https://www.citizensfla.com/documents/20702/30188280/20241231+Detail+by+County.pdf/7d7859c2-18a1-abf0-6a7e-b0dbdf9dfe8b
Personal Residential Wind-Only building count,"Miami-Dade County, FL",2024-12-31,21046,buildings,https://www.citizensfla.com/documents/20702/30188280/20241231+Detail+by+County.pdf/7d7859c2-18a1-abf0-6a7e-b0dbdf9dfe8b
Personal Residential Wind-Only policies in force,"Miami-Dade County, FL",2024-12-31,21046,policies,https://www.citizensfla.com/documents/20702/30188280/20241231+Detail+by+County.pdf/7d7859c2-18a1-abf0-6a7e-b0dbdf9dfe8b
Personal Residential Wind-Only total exposure,"Miami-Dade County, FL",2024-12-31,11388725391,USD,https://www.citizensfla.com/documents/20702/30188280/20241231+Detail+by+County.pdf/7d7859c2-18a1-abf0-6a7e-b0dbdf9dfe8b
Personal Residential Wind-Only total premium,"Miami-Dade County, FL",2024-12-31,81245022,USD,https://www.citizensfla.com/documents/20702/30188280/20241231+Detail+by+County.pdf/7d7859c2-18a1-abf0-6a7e-b0dbdf9dfe8b
Personal residential total policies in force (multiperil + wind-only),"Miami-Dade County, FL",2024-12-31,168103,policies,https://www.citizensfla.com/documents/20702/30188280/20241231+Detail+by+County.pdf/7d7859c2-18a1-abf0-6a7e-b0dbdf9dfe8b
Total building count (all lines),"Miami-Dade County, FL",2024-12-31,173321,buildings,https://www.citizensfla.com/documents/20702/30188280/20241231+Detail+by+County.pdf/7d7859c2-18a1-abf0-6a7e-b0dbdf9dfe8b
Total insured value / exposure (all lines),"Miami-Dade County, FL",2024-12-31,67197294222,USD,https://www.citizensfla.com/documents/20702/30188280/20241231+Detail+by+County.pdf/7d7859c2-18a1-abf0-6a7e-b0dbdf9dfe8b
Total policies in force (all lines),"Miami-Dade County, FL",2024-12-31,170873,policies,https://www.citizensfla.com/documents/20702/30188280/20241231+Detail+by+County.pdf/7d7859c2-18a1-abf0-6a7e-b0dbdf9dfe8b
Total premium (all lines),"Miami-Dade County, FL",2024-12-31,756799299,USD,https://www.citizensfla.com/documents/20702/30188280/20241231+Detail+by+County.pdf/7d7859c2-18a1-abf0-6a7e-b0dbdf9dfe8b
Commercial Non-Residential Multiperil building count,"Miami-Dade County, FL",2025-12-31,229,buildings,https://www.citizensfla.com/documents/20702/30188297/20251231+Detail+by+County.pdf/705ec784-1e21-0799-773b-7a7e0945d7a3
Commercial Non-Residential Multiperil policies in force,"Miami-Dade County, FL",2025-12-31,188,policies,https://www.citizensfla.com/documents/20702/30188297/20251231+Detail+by+County.pdf/705ec784-1e21-0799-773b-7a7e0945d7a3
Commercial Non-Residential Multiperil total exposure,"Miami-Dade County, FL",2025-12-31,185833887,USD,https://www.citizensfla.com/documents/20702/30188297/20251231+Detail+by+County.pdf/705ec784-1e21-0799-773b-7a7e0945d7a3
Commercial Non-Residential Multiperil total premium,"Miami-Dade County, FL",2025-12-31,2194963,USD,https://www.citizensfla.com/documents/20702/30188297/20251231+Detail+by+County.pdf/705ec784-1e21-0799-773b-7a7e0945d7a3
Commercial Non-Residential Wind-Only building count,"Miami-Dade County, FL",2025-12-31,455,buildings,https://www.citizensfla.com/documents/20702/30188297/20251231+Detail+by+County.pdf/705ec784-1e21-0799-773b-7a7e0945d7a3
Commercial Non-Residential Wind-Only policies in force,"Miami-Dade County, FL",2025-12-31,380,policies,https://www.citizensfla.com/documents/20702/30188297/20251231+Detail+by+County.pdf/705ec784-1e21-0799-773b-7a7e0945d7a3
Commercial Non-Residential Wind-Only total exposure,"Miami-Dade County, FL",2025-12-31,228610554,USD,https://www.citizensfla.com/documents/20702/30188297/20251231+Detail+by+County.pdf/705ec784-1e21-0799-773b-7a7e0945d7a3
Commercial Non-Residential Wind-Only total premium,"Miami-Dade County, FL",2025-12-31,4029562,USD,https://www.citizensfla.com/documents/20702/30188297/20251231+Detail+by+County.pdf/705ec784-1e21-0799-773b-7a7e0945d7a3
Commercial Residential Multiperil building count,"Miami-Dade County, FL",2025-12-31,840,buildings,https://www.citizensfla.com/documents/20702/30188297/20251231+Detail+by+County.pdf/705ec784-1e21-0799-773b-7a7e0945d7a3
Commercial Residential Multiperil policies in force,"Miami-Dade County, FL",2025-12-31,320,policies,https://www.citizensfla.com/documents/20702/30188297/20251231+Detail+by+County.pdf/705ec784-1e21-0799-773b-7a7e0945d7a3
Commercial Residential Multiperil total exposure,"Miami-Dade County, FL",2025-12-31,2201629000,USD,https://www.citizensfla.com/documents/20702/30188297/20251231+Detail+by+County.pdf/705ec784-1e21-0799-773b-7a7e0945d7a3
Commercial Residential Multiperil total premium,"Miami-Dade County, FL",2025-12-31,11482085,USD,https://www.citizensfla.com/documents/20702/30188297/20251231+Detail+by+County.pdf/705ec784-1e21-0799-773b-7a7e0945d7a3
Commercial Residential Wind-Only building count,"Miami-Dade County, FL",2025-12-31,1118,buildings,https://www.citizensfla.com/documents/20702/30188297/20251231+Detail+by+County.pdf/705ec784-1e21-0799-773b-7a7e0945d7a3
Commercial Residential Wind-Only policies in force,"Miami-Dade County, FL",2025-12-31,574,policies,https://www.citizensfla.com/documents/20702/30188297/20251231+Detail+by+County.pdf/705ec784-1e21-0799-773b-7a7e0945d7a3
Commercial Residential Wind-Only total exposure,"Miami-Dade County, FL",2025-12-31,2775974435,USD,https://www.citizensfla.com/documents/20702/30188297/20251231+Detail+by+County.pdf/705ec784-1e21-0799-773b-7a7e0945d7a3
Commercial Residential Wind-Only total premium,"Miami-Dade County, FL",2025-12-31,26113281,USD,https://www.citizensfla.com/documents/20702/30188297/20251231+Detail+by+County.pdf/705ec784-1e21-0799-773b-7a7e0945d7a3
Commercial total policies in force (CR-M+CR-W+CNR-M+CNR-W),"Miami-Dade County, FL",2025-12-31,1462,policies,https://www.citizensfla.com/documents/20702/30188297/20251231+Detail+by+County.pdf/705ec784-1e21-0799-773b-7a7e0945d7a3
Personal Residential Multiperil building count,"Miami-Dade County, FL",2025-12-31,71112,buildings,https://www.citizensfla.com/documents/20702/30188297/20251231+Detail+by+County.pdf/705ec784-1e21-0799-773b-7a7e0945d7a3
Personal Residential Multiperil policies in force,"Miami-Dade County, FL",2025-12-31,71112,policies,https://www.citizensfla.com/documents/20702/30188297/20251231+Detail+by+County.pdf/705ec784-1e21-0799-773b-7a7e0945d7a3
Personal Residential Multiperil total exposure,"Miami-Dade County, FL",2025-12-31,14468016900,USD,https://www.citizensfla.com/documents/20702/30188297/20251231+Detail+by+County.pdf/705ec784-1e21-0799-773b-7a7e0945d7a3
Personal Residential Multiperil total premium,"Miami-Dade County, FL",2025-12-31,161473733,USD,https://www.citizensfla.com/documents/20702/30188297/20251231+Detail+by+County.pdf/705ec784-1e21-0799-773b-7a7e0945d7a3
Personal Residential Wind-Only building count,"Miami-Dade County, FL",2025-12-31,16399,buildings,https://www.citizensfla.com/documents/20702/30188297/20251231+Detail+by+County.pdf/705ec784-1e21-0799-773b-7a7e0945d7a3
Personal Residential Wind-Only policies in force,"Miami-Dade County, FL",2025-12-31,16399,policies,https://www.citizensfla.com/documents/20702/30188297/20251231+Detail+by+County.pdf/705ec784-1e21-0799-773b-7a7e0945d7a3
Personal Residential Wind-Only total exposure,"Miami-Dade County, FL",2025-12-31,8977669257,USD,https://www.citizensfla.com/documents/20702/30188297/20251231+Detail+by+County.pdf/705ec784-1e21-0799-773b-7a7e0945d7a3
Personal Residential Wind-Only total premium,"Miami-Dade County, FL",2025-12-31,62263874,USD,https://www.citizensfla.com/documents/20702/30188297/20251231+Detail+by+County.pdf/705ec784-1e21-0799-773b-7a7e0945d7a3
Personal residential total policies in force (multiperil + wind-only),"Miami-Dade County, FL",2025-12-31,87511,policies,https://www.citizensfla.com/documents/20702/30188297/20251231+Detail+by+County.pdf/705ec784-1e21-0799-773b-7a7e0945d7a3
Total building count (all lines),"Miami-Dade County, FL",2025-12-31,90153,buildings,https://www.citizensfla.com/documents/20702/30188297/20251231+Detail+by+County.pdf/705ec784-1e21-0799-773b-7a7e0945d7a3
Total insured value / exposure (all lines),"Miami-Dade County, FL",2025-12-31,28837734033,USD,https://www.citizensfla.com/documents/20702/30188297/20251231+Detail+by+County.pdf/705ec784-1e21-0799-773b-7a7e0945d7a3
Total policies in force (all lines),"Miami-Dade County, FL",2025-12-31,88973,policies,https://www.citizensfla.com/documents/20702/30188297/20251231+Detail+by+County.pdf/705ec784-1e21-0799-773b-7a7e0945d7a3
Total premium (all lines),"Miami-Dade County, FL",2025-12-31,267557498,USD,https://www.citizensfla.com/documents/20702/30188297/20251231+Detail+by+County.pdf/705ec784-1e21-0799-773b-7a7e0945d7a3
Commercial Non-Residential Multiperil building count,"Miami-Dade County, FL",2026-06-30,147,buildings,https://www.citizensfla.com/documents/20702/38830519/20260630+Detail+by+County.pdf/ca6d2c17-12d1-5bb7-501d-ba94995ef71c
Commercial Non-Residential Multiperil policies in force,"Miami-Dade County, FL",2026-06-30,118,policies,https://www.citizensfla.com/documents/20702/38830519/20260630+Detail+by+County.pdf/ca6d2c17-12d1-5bb7-501d-ba94995ef71c
Commercial Non-Residential Multiperil total exposure,"Miami-Dade County, FL",2026-06-30,97392687,USD,https://www.citizensfla.com/documents/20702/38830519/20260630+Detail+by+County.pdf/ca6d2c17-12d1-5bb7-501d-ba94995ef71c
Commercial Non-Residential Multiperil total premium,"Miami-Dade County, FL",2026-06-30,1251463,USD,https://www.citizensfla.com/documents/20702/38830519/20260630+Detail+by+County.pdf/ca6d2c17-12d1-5bb7-501d-ba94995ef71c
Commercial Non-Residential Wind-Only building count,"Miami-Dade County, FL",2026-06-30,368,buildings,https://www.citizensfla.com/documents/20702/38830519/20260630+Detail+by+County.pdf/ca6d2c17-12d1-5bb7-501d-ba94995ef71c
Commercial Non-Residential Wind-Only policies in force,"Miami-Dade County, FL",2026-06-30,315,policies,https://www.citizensfla.com/documents/20702/38830519/20260630+Detail+by+County.pdf/ca6d2c17-12d1-5bb7-501d-ba94995ef71c
Commercial Non-Residential Wind-Only total exposure,"Miami-Dade County, FL",2026-06-30,170880554,USD,https://www.citizensfla.com/documents/20702/38830519/20260630+Detail+by+County.pdf/ca6d2c17-12d1-5bb7-501d-ba94995ef71c
Commercial Non-Residential Wind-Only total premium,"Miami-Dade County, FL",2026-06-30,2703950,USD,https://www.citizensfla.com/documents/20702/38830519/20260630+Detail+by+County.pdf/ca6d2c17-12d1-5bb7-501d-ba94995ef71c
Commercial Residential Multiperil building count,"Miami-Dade County, FL",2026-06-30,567,buildings,https://www.citizensfla.com/documents/20702/38830519/20260630+Detail+by+County.pdf/ca6d2c17-12d1-5bb7-501d-ba94995ef71c
Commercial Residential Multiperil policies in force,"Miami-Dade County, FL",2026-06-30,228,policies,https://www.citizensfla.com/documents/20702/38830519/20260630+Detail+by+County.pdf/ca6d2c17-12d1-5bb7-501d-ba94995ef71c
Commercial Residential Multiperil total exposure,"Miami-Dade County, FL",2026-06-30,1368991100,USD,https://www.citizensfla.com/documents/20702/38830519/20260630+Detail+by+County.pdf/ca6d2c17-12d1-5bb7-501d-ba94995ef71c
Commercial Residential Multiperil total premium,"Miami-Dade County, FL",2026-06-30,6851611,USD,https://www.citizensfla.com/documents/20702/38830519/20260630+Detail+by+County.pdf/ca6d2c17-12d1-5bb7-501d-ba94995ef71c
Commercial Residential Wind-Only building count,"Miami-Dade County, FL",2026-06-30,719,buildings,https://www.citizensfla.com/documents/20702/38830519/20260630+Detail+by+County.pdf/ca6d2c17-12d1-5bb7-501d-ba94995ef71c
Commercial Residential Wind-Only policies in force,"Miami-Dade County, FL",2026-06-30,428,policies,https://www.citizensfla.com/documents/20702/38830519/20260630+Detail+by+County.pdf/ca6d2c17-12d1-5bb7-501d-ba94995ef71c
Commercial Residential Wind-Only total exposure,"Miami-Dade County, FL",2026-06-30,1324428770,USD,https://www.citizensfla.com/documents/20702/38830519/20260630+Detail+by+County.pdf/ca6d2c17-12d1-5bb7-501d-ba94995ef71c
Commercial Residential Wind-Only total premium,"Miami-Dade County, FL",2026-06-30,11202095,USD,https://www.citizensfla.com/documents/20702/38830519/20260630+Detail+by+County.pdf/ca6d2c17-12d1-5bb7-501d-ba94995ef71c
Commercial total policies in force (CR-M+CR-W+CNR-M+CNR-W),"Miami-Dade County, FL",2026-06-30,1089,policies,https://www.citizensfla.com/documents/20702/38830519/20260630+Detail+by+County.pdf/ca6d2c17-12d1-5bb7-501d-ba94995ef71c
Personal Residential Multiperil building count,"Miami-Dade County, FL",2026-06-30,53175,buildings,https://www.citizensfla.com/documents/20702/38830519/20260630+Detail+by+County.pdf/ca6d2c17-12d1-5bb7-501d-ba94995ef71c
Personal Residential Multiperil policies in force,"Miami-Dade County, FL",2026-06-30,53175,policies,https://www.citizensfla.com/documents/20702/38830519/20260630+Detail+by+County.pdf/ca6d2c17-12d1-5bb7-501d-ba94995ef71c
Personal Residential Multiperil total exposure,"Miami-Dade County, FL",2026-06-30,9127820152,USD,https://www.citizensfla.com/documents/20702/38830519/20260630+Detail+by+County.pdf/ca6d2c17-12d1-5bb7-501d-ba94995ef71c
Personal Residential Multiperil total premium,"Miami-Dade County, FL",2026-06-30,97402285,USD,https://www.citizensfla.com/documents/20702/38830519/20260630+Detail+by+County.pdf/ca6d2c17-12d1-5bb7-501d-ba94995ef71c
Personal Residential Wind-Only building count,"Miami-Dade County, FL",2026-06-30,13186,buildings,https://www.citizensfla.com/documents/20702/38830519/20260630+Detail+by+County.pdf/ca6d2c17-12d1-5bb7-501d-ba94995ef71c
Personal Residential Wind-Only policies in force,"Miami-Dade County, FL",2026-06-30,13186,policies,https://www.citizensfla.com/documents/20702/38830519/20260630+Detail+by+County.pdf/ca6d2c17-12d1-5bb7-501d-ba94995ef71c
Personal Residential Wind-Only total exposure,"Miami-Dade County, FL",2026-06-30,7268893553,USD,https://www.citizensfla.com/documents/20702/38830519/20260630+Detail+by+County.pdf/ca6d2c17-12d1-5bb7-501d-ba94995ef71c
Personal Residential Wind-Only total premium,"Miami-Dade County, FL",2026-06-30,52466888,USD,https://www.citizensfla.com/documents/20702/38830519/20260630+Detail+by+County.pdf/ca6d2c17-12d1-5bb7-501d-ba94995ef71c
Personal residential total policies in force (multiperil + wind-only),"Miami-Dade County, FL",2026-06-30,66361,policies,https://www.citizensfla.com/documents/20702/38830519/20260630+Detail+by+County.pdf/ca6d2c17-12d1-5bb7-501d-ba94995ef71c
Total building count (all lines),"Miami-Dade County, FL",2026-06-30,68162,buildings,https://www.citizensfla.com/documents/20702/38830519/20260630+Detail+by+County.pdf/ca6d2c17-12d1-5bb7-501d-ba94995ef71c
Total insured value / exposure (all lines),"Miami-Dade County, FL",2026-06-30,19358406816,USD,https://www.citizensfla.com/documents/20702/38830519/20260630+Detail+by+County.pdf/ca6d2c17-12d1-5bb7-501d-ba94995ef71c
Total policies in force (all lines),"Miami-Dade County, FL",2026-06-30,67450,policies,https://www.citizensfla.com/documents/20702/38830519/20260630+Detail+by+County.pdf/ca6d2c17-12d1-5bb7-501d-ba94995ef71c
Total premium (all lines),"Miami-Dade County, FL",2026-06-30,171878292,USD,https://www.citizensfla.com/documents/20702/38830519/20260630+Detail+by+County.pdf/ca6d2c17-12d1-5bb7-501d-ba94995ef71c
Commercial Non-Residential Multiperil building count,"Miami-Dade County, FL",2026-07-31,142,buildings,https://www.citizensfla.com/documents/20702/38830519/20260731+Detail+by+County.pdf/805064a5-9cb6-aee8-f116-499fbfb77fe6
Commercial Non-Residential Multiperil policies in force,"Miami-Dade County, FL",2026-07-31,115,policies,https://www.citizensfla.com/documents/20702/38830519/20260731+Detail+by+County.pdf/805064a5-9cb6-aee8-f116-499fbfb77fe6
Commercial Non-Residential Multiperil total exposure,"Miami-Dade County, FL",2026-07-31,94047687,USD,https://www.citizensfla.com/documents/20702/38830519/20260731+Detail+by+County.pdf/805064a5-9cb6-aee8-f116-499fbfb77fe6
Commercial Non-Residential Multiperil total premium,"Miami-Dade County, FL",2026-07-31,1186421,USD,https://www.citizensfla.com/documents/20702/38830519/20260731+Detail+by+County.pdf/805064a5-9cb6-aee8-f116-499fbfb77fe6
Commercial Non-Residential Wind-Only building count,"Miami-Dade County, FL",2026-07-31,351,buildings,https://www.citizensfla.com/documents/20702/38830519/20260731+Detail+by+County.pdf/805064a5-9cb6-aee8-f116-499fbfb77fe6
Commercial Non-Residential Wind-Only policies in force,"Miami-Dade County, FL",2026-07-31,301,policies,https://www.citizensfla.com/documents/20702/38830519/20260731+Detail+by+County.pdf/805064a5-9cb6-aee8-f116-499fbfb77fe6
Commercial Non-Residential Wind-Only total exposure,"Miami-Dade County, FL",2026-07-31,161959554,USD,https://www.citizensfla.com/documents/20702/38830519/20260731+Detail+by+County.pdf/805064a5-9cb6-aee8-f116-499fbfb77fe6
Commercial Non-Residential Wind-Only total premium,"Miami-Dade County, FL",2026-07-31,2552010,USD,https://www.citizensfla.com/documents/20702/38830519/20260731+Detail+by+County.pdf/805064a5-9cb6-aee8-f116-499fbfb77fe6
Commercial Residential Multiperil building count,"Miami-Dade County, FL",2026-07-31,544,buildings,https://www.citizensfla.com/documents/20702/38830519/20260731+Detail+by+County.pdf/805064a5-9cb6-aee8-f116-499fbfb77fe6
Commercial Residential Multiperil policies in force,"Miami-Dade County, FL",2026-07-31,216,policies,https://www.citizensfla.com/documents/20702/38830519/20260731+Detail+by+County.pdf/805064a5-9cb6-aee8-f116-499fbfb77fe6
Commercial Residential Multiperil total exposure,"Miami-Dade County, FL",2026-07-31,1332162500,USD,https://www.citizensfla.com/documents/20702/38830519/20260731+Detail+by+County.pdf/805064a5-9cb6-aee8-f116-499fbfb77fe6
Commercial Residential Multiperil total premium,"Miami-Dade County, FL",2026-07-31,6519293,USD,https://www.citizensfla.com/documents/20702/38830519/20260731+Detail+by+County.pdf/805064a5-9cb6-aee8-f116-499fbfb77fe6
Commercial Residential Wind-Only building count,"Miami-Dade County, FL",2026-07-31,677,buildings,https://www.citizensfla.com/documents/20702/38830519/20260731+Detail+by+County.pdf/805064a5-9cb6-aee8-f116-499fbfb77fe6
Commercial Residential Wind-Only policies in force,"Miami-Dade County, FL",2026-07-31,405,policies,https://www.citizensfla.com/documents/20702/38830519/20260731+Detail+by+County.pdf/805064a5-9cb6-aee8-f116-499fbfb77fe6
Commercial Residential Wind-Only total exposure,"Miami-Dade County, FL",2026-07-31,1211576270,USD,https://www.citizensfla.com/documents/20702/38830519/20260731+Detail+by+County.pdf/805064a5-9cb6-aee8-f116-499fbfb77fe6
Commercial Residential Wind-Only total premium,"Miami-Dade County, FL",2026-07-31,10037173,USD,https://www.citizensfla.com/documents/20702/38830519/20260731+Detail+by+County.pdf/805064a5-9cb6-aee8-f116-499fbfb77fe6
Commercial total policies in force (CR-M+CR-W+CNR-M+CNR-W),"Miami-Dade County, FL",2026-07-31,1037,policies,https://www.citizensfla.com/documents/20702/38830519/20260731+Detail+by+County.pdf/805064a5-9cb6-aee8-f116-499fbfb77fe6
Personal Residential Multiperil building count,"Miami-Dade County, FL",2026-07-31,53315,buildings,https://www.citizensfla.com/documents/20702/38830519/20260731+Detail+by+County.pdf/805064a5-9cb6-aee8-f116-499fbfb77fe6
Personal Residential Multiperil policies in force,"Miami-Dade County, FL",2026-07-31,53315,policies,https://www.citizensfla.com/documents/20702/38830519/20260731+Detail+by+County.pdf/805064a5-9cb6-aee8-f116-499fbfb77fe6
Personal Residential Multiperil total exposure,"Miami-Dade County, FL",2026-07-31,9250427282,USD,https://www.citizensfla.com/documents/20702/38830519/20260731+Detail+by+County.pdf/805064a5-9cb6-aee8-f116-499fbfb77fe6
Personal Residential Multiperil total premium,"Miami-Dade County, FL",2026-07-31,98699928,USD,https://www.citizensfla.com/documents/20702/38830519/20260731+Detail+by+County.pdf/805064a5-9cb6-aee8-f116-499fbfb77fe6
Personal Residential Wind-Only building count,"Miami-Dade County, FL",2026-07-31,13001,buildings,https://www.citizensfla.com/documents/20702/38830519/20260731+Detail+by+County.pdf/805064a5-9cb6-aee8-f116-499fbfb77fe6
Personal Residential Wind-Only policies in force,"Miami-Dade County, FL",2026-07-31,13001,policies,https://www.citizensfla.com/documents/20702/38830519/20260731+Detail+by+County.pdf/805064a5-9cb6-aee8-f116-499fbfb77fe6
Personal Residential Wind-Only total exposure,"Miami-Dade County, FL",2026-07-31,7167018018,USD,https://www.citizensfla.com/documents/20702/38830519/20260731+Detail+by+County.pdf/805064a5-9cb6-aee8-f116-499fbfb77fe6
Personal Residential Wind-Only total premium,"Miami-Dade County, FL",2026-07-31,51717750,USD,https://www.citizensfla.com/documents/20702/38830519/20260731+Detail+by+County.pdf/805064a5-9cb6-aee8-f116-499fbfb77fe6
Personal residential total policies in force (multiperil + wind-only),"Miami-Dade County, FL",2026-07-31,66316,policies,https://www.citizensfla.com/documents/20702/38830519/20260731+Detail+by+County.pdf/805064a5-9cb6-aee8-f116-499fbfb77fe6
Total building count (all lines),"Miami-Dade County, FL",2026-07-31,68030,buildings,https://www.citizensfla.com/documents/20702/38830519/20260731+Detail+by+County.pdf/805064a5-9cb6-aee8-f116-499fbfb77fe6
Total insured value / exposure (all lines),"Miami-Dade County, FL",2026-07-31,19217191311,USD,https://www.citizensfla.com/documents/20702/38830519/20260731+Detail+by+County.pdf/805064a5-9cb6-aee8-f116-499fbfb77fe6
Total policies in force (all lines),"Miami-Dade County, FL",2026-07-31,67353,policies,https://www.citizensfla.com/documents/20702/38830519/20260731+Detail+by+County.pdf/805064a5-9cb6-aee8-f116-499fbfb77fe6
Total premium (all lines),"Miami-Dade County, FL",2026-07-31,170712575,USD,https://www.citizensfla.com/documents/20702/38830519/20260731+Detail+by+County.pdf/805064a5-9cb6-aee8-f116-499fbfb77fe6
