metric,geography,value,unit,source_url
Total policies analyzed (all NFIP policies),Florida,1727811,policies,https://services3.arcgis.com/PwSEIra0zgvwmApz/arcgis/rest/services/All_and_SFH_Policies_by_State/FeatureServer/0  (dashboard: https://www.arcgis.com/apps/dashboards/44d08581aaf14f39bc0da5d02f378007)
Policies with premium DECREASE under RR2.0 (all NFIP policies),Florida,342109,policies,https://services3.arcgis.com/PwSEIra0zgvwmApz/arcgis/rest/services/All_and_SFH_Policies_by_State/FeatureServer/0  (dashboard: https://www.arcgis.com/apps/dashboards/44d08581aaf14f39bc0da5d02f378007)
Percent of policies with premium DECREASE under RR2.0 (all NFIP policies),Florida,19.8,percent,https://services3.arcgis.com/PwSEIra0zgvwmApz/arcgis/rest/services/All_and_SFH_Policies_by_State/FeatureServer/0  (dashboard: https://www.arcgis.com/apps/dashboards/44d08581aaf14f39bc0da5d02f378007)
Policies with premium INCREASE under RR2.0 (all NFIP policies),Florida,1385702,policies,https://services3.arcgis.com/PwSEIra0zgvwmApz/arcgis/rest/services/All_and_SFH_Policies_by_State/FeatureServer/0  (dashboard: https://www.arcgis.com/apps/dashboards/44d08581aaf14f39bc0da5d02f378007)  [derived: grand total - decreases]
Percent of policies with premium INCREASE under RR2.0 (all NFIP policies),Florida,80.2,percent,https://services3.arcgis.com/PwSEIra0zgvwmApz/arcgis/rest/services/All_and_SFH_Policies_by_State/FeatureServer/0  (dashboard: https://www.arcgis.com/apps/dashboards/44d08581aaf14f39bc0da5d02f378007)  [derived: 100 - pct decrease]
Policies with increase greater than $20/month (all NFIP policies),Florida,72842,policies,https://services3.arcgis.com/PwSEIra0zgvwmApz/arcgis/rest/services/All_and_SFH_Policies_by_State/FeatureServer/0  (dashboard: https://www.arcgis.com/apps/dashboards/44d08581aaf14f39bc0da5d02f378007)
Percent of policies with increase greater than $20/month (all NFIP policies),Florida,4.22,percent,https://services3.arcgis.com/PwSEIra0zgvwmApz/arcgis/rest/services/All_and_SFH_Policies_by_State/FeatureServer/0  (dashboard: https://www.arcgis.com/apps/dashboards/44d08581aaf14f39bc0da5d02f378007)
Policies in band $100+ decrease (all NFIP policies),Florida,22865,policies,https://services3.arcgis.com/PwSEIra0zgvwmApz/arcgis/rest/services/All_and_SFH_Policies_by_State/FeatureServer/0  (dashboard: https://www.arcgis.com/apps/dashboards/44d08581aaf14f39bc0da5d02f378007)
Percent of policies in band $100+ decrease (all NFIP policies),Florida,1.323,percent,https://services3.arcgis.com/PwSEIra0zgvwmApz/arcgis/rest/services/All_and_SFH_Policies_by_State/FeatureServer/0  (dashboard: https://www.arcgis.com/apps/dashboards/44d08581aaf14f39bc0da5d02f378007)
Policies in band $90-$100 decrease (all NFIP policies),Florida,2979,policies,https://services3.arcgis.com/PwSEIra0zgvwmApz/arcgis/rest/services/All_and_SFH_Policies_by_State/FeatureServer/0  (dashboard: https://www.arcgis.com/apps/dashboards/44d08581aaf14f39bc0da5d02f378007)
Percent of policies in band $90-$100 decrease (all NFIP policies),Florida,0.172,percent,https://services3.arcgis.com/PwSEIra0zgvwmApz/arcgis/rest/services/All_and_SFH_Policies_by_State/FeatureServer/0  (dashboard: https://www.arcgis.com/apps/dashboards/44d08581aaf14f39bc0da5d02f378007)
Policies in band $80-$90 decrease (all NFIP policies),Florida,3460,policies,https://services3.arcgis.com/PwSEIra0zgvwmApz/arcgis/rest/services/All_and_SFH_Policies_by_State/FeatureServer/0  (dashboard: https://www.arcgis.com/apps/dashboards/44d08581aaf14f39bc0da5d02f378007)
Percent of policies in band $80-$90 decrease (all NFIP policies),Florida,0.2,percent,https://services3.arcgis.com/PwSEIra0zgvwmApz/arcgis/rest/services/All_and_SFH_Policies_by_State/FeatureServer/0  (dashboard: https://www.arcgis.com/apps/dashboards/44d08581aaf14f39bc0da5d02f378007)
Policies in band $70-$80 decrease (all NFIP policies),Florida,4318,policies,https://services3.arcgis.com/PwSEIra0zgvwmApz/arcgis/rest/services/All_and_SFH_Policies_by_State/FeatureServer/0  (dashboard: https://www.arcgis.com/apps/dashboards/44d08581aaf14f39bc0da5d02f378007)
Percent of policies in band $70-$80 decrease (all NFIP policies),Florida,0.25,percent,https://services3.arcgis.com/PwSEIra0zgvwmApz/arcgis/rest/services/All_and_SFH_Policies_by_State/FeatureServer/0  (dashboard: https://www.arcgis.com/apps/dashboards/44d08581aaf14f39bc0da5d02f378007)
Policies in band $60-$70 decrease (all NFIP policies),Florida,5092,policies,https://services3.arcgis.com/PwSEIra0zgvwmApz/arcgis/rest/services/All_and_SFH_Policies_by_State/FeatureServer/0  (dashboard: https://www.arcgis.com/apps/dashboards/44d08581aaf14f39bc0da5d02f378007)
Percent of policies in band $60-$70 decrease (all NFIP policies),Florida,0.295,percent,https://services3.arcgis.com/PwSEIra0zgvwmApz/arcgis/rest/services/All_and_SFH_Policies_by_State/FeatureServer/0  (dashboard: https://www.arcgis.com/apps/dashboards/44d08581aaf14f39bc0da5d02f378007)
Policies in band $50-$60 decrease (all NFIP policies),Florida,6324,policies,https://services3.arcgis.com/PwSEIra0zgvwmApz/arcgis/rest/services/All_and_SFH_Policies_by_State/FeatureServer/0  (dashboard: https://www.arcgis.com/apps/dashboards/44d08581aaf14f39bc0da5d02f378007)
Percent of policies in band $50-$60 decrease (all NFIP policies),Florida,0.366,percent,https://services3.arcgis.com/PwSEIra0zgvwmApz/arcgis/rest/services/All_and_SFH_Policies_by_State/FeatureServer/0  (dashboard: https://www.arcgis.com/apps/dashboards/44d08581aaf14f39bc0da5d02f378007)
Policies in band $40-$50 decrease (all NFIP policies),Florida,8879,policies,https://services3.arcgis.com/PwSEIra0zgvwmApz/arcgis/rest/services/All_and_SFH_Policies_by_State/FeatureServer/0  (dashboard: https://www.arcgis.com/apps/dashboards/44d08581aaf14f39bc0da5d02f378007)
Percent of policies in band $40-$50 decrease (all NFIP policies),Florida,0.514,percent,https://services3.arcgis.com/PwSEIra0zgvwmApz/arcgis/rest/services/All_and_SFH_Policies_by_State/FeatureServer/0  (dashboard: https://www.arcgis.com/apps/dashboards/44d08581aaf14f39bc0da5d02f378007)
Policies in band $30-$40 decrease (all NFIP policies),Florida,11722,policies,https://services3.arcgis.com/PwSEIra0zgvwmApz/arcgis/rest/services/All_and_SFH_Policies_by_State/FeatureServer/0  (dashboard: https://www.arcgis.com/apps/dashboards/44d08581aaf14f39bc0da5d02f378007)
Percent of policies in band $30-$40 decrease (all NFIP policies),Florida,0.678,percent,https://services3.arcgis.com/PwSEIra0zgvwmApz/arcgis/rest/services/All_and_SFH_Policies_by_State/FeatureServer/0  (dashboard: https://www.arcgis.com/apps/dashboards/44d08581aaf14f39bc0da5d02f378007)
Policies in band $20-$30 decrease (all NFIP policies),Florida,20732,policies,https://services3.arcgis.com/PwSEIra0zgvwmApz/arcgis/rest/services/All_and_SFH_Policies_by_State/FeatureServer/0  (dashboard: https://www.arcgis.com/apps/dashboards/44d08581aaf14f39bc0da5d02f378007)
Percent of policies in band $20-$30 decrease (all NFIP policies),Florida,1.2,percent,https://services3.arcgis.com/PwSEIra0zgvwmApz/arcgis/rest/services/All_and_SFH_Policies_by_State/FeatureServer/0  (dashboard: https://www.arcgis.com/apps/dashboards/44d08581aaf14f39bc0da5d02f378007)
Policies in band $10-$20 decrease (all NFIP policies),Florida,55049,policies,https://services3.arcgis.com/PwSEIra0zgvwmApz/arcgis/rest/services/All_and_SFH_Policies_by_State/FeatureServer/0  (dashboard: https://www.arcgis.com/apps/dashboards/44d08581aaf14f39bc0da5d02f378007)
Percent of policies in band $10-$20 decrease (all NFIP policies),Florida,3.186,percent,https://services3.arcgis.com/PwSEIra0zgvwmApz/arcgis/rest/services/All_and_SFH_Policies_by_State/FeatureServer/0  (dashboard: https://www.arcgis.com/apps/dashboards/44d08581aaf14f39bc0da5d02f378007)
Policies in band $0-$10 decrease (all NFIP policies),Florida,200689,policies,https://services3.arcgis.com/PwSEIra0zgvwmApz/arcgis/rest/services/All_and_SFH_Policies_by_State/FeatureServer/0  (dashboard: https://www.arcgis.com/apps/dashboards/44d08581aaf14f39bc0da5d02f378007)
Percent of policies in band $0-$10 decrease (all NFIP policies),Florida,11.615,percent,https://services3.arcgis.com/PwSEIra0zgvwmApz/arcgis/rest/services/All_and_SFH_Policies_by_State/FeatureServer/0  (dashboard: https://www.arcgis.com/apps/dashboards/44d08581aaf14f39bc0da5d02f378007)
Policies in band $0-$10 increase (all NFIP policies),Florida,1178302,policies,https://services3.arcgis.com/PwSEIra0zgvwmApz/arcgis/rest/services/All_and_SFH_Policies_by_State/FeatureServer/0  (dashboard: https://www.arcgis.com/apps/dashboards/44d08581aaf14f39bc0da5d02f378007)
Percent of policies in band $0-$10 increase (all NFIP policies),Florida,68.196,percent,https://services3.arcgis.com/PwSEIra0zgvwmApz/arcgis/rest/services/All_and_SFH_Policies_by_State/FeatureServer/0  (dashboard: https://www.arcgis.com/apps/dashboards/44d08581aaf14f39bc0da5d02f378007)
Policies in band $10-$20 increase (all NFIP policies),Florida,134558,policies,https://services3.arcgis.com/PwSEIra0zgvwmApz/arcgis/rest/services/All_and_SFH_Policies_by_State/FeatureServer/0  (dashboard: https://www.arcgis.com/apps/dashboards/44d08581aaf14f39bc0da5d02f378007)
Percent of policies in band $10-$20 increase (all NFIP policies),Florida,7.788,percent,https://services3.arcgis.com/PwSEIra0zgvwmApz/arcgis/rest/services/All_and_SFH_Policies_by_State/FeatureServer/0  (dashboard: https://www.arcgis.com/apps/dashboards/44d08581aaf14f39bc0da5d02f378007)
Policies in band $20-$30 increase (all NFIP policies),Florida,45714,policies,https://services3.arcgis.com/PwSEIra0zgvwmApz/arcgis/rest/services/All_and_SFH_Policies_by_State/FeatureServer/0  (dashboard: https://www.arcgis.com/apps/dashboards/44d08581aaf14f39bc0da5d02f378007)
Percent of policies in band $20-$30 increase (all NFIP policies),Florida,2.646,percent,https://services3.arcgis.com/PwSEIra0zgvwmApz/arcgis/rest/services/All_and_SFH_Policies_by_State/FeatureServer/0  (dashboard: https://www.arcgis.com/apps/dashboards/44d08581aaf14f39bc0da5d02f378007)
Policies in band $30-$40 increase (all NFIP policies),Florida,15787,policies,https://services3.arcgis.com/PwSEIra0zgvwmApz/arcgis/rest/services/All_and_SFH_Policies_by_State/FeatureServer/0  (dashboard: https://www.arcgis.com/apps/dashboards/44d08581aaf14f39bc0da5d02f378007)
Percent of policies in band $30-$40 increase (all NFIP policies),Florida,0.914,percent,https://services3.arcgis.com/PwSEIra0zgvwmApz/arcgis/rest/services/All_and_SFH_Policies_by_State/FeatureServer/0  (dashboard: https://www.arcgis.com/apps/dashboards/44d08581aaf14f39bc0da5d02f378007)
Policies in band $40-$50 increase (all NFIP policies),Florida,4137,policies,https://services3.arcgis.com/PwSEIra0zgvwmApz/arcgis/rest/services/All_and_SFH_Policies_by_State/FeatureServer/0  (dashboard: https://www.arcgis.com/apps/dashboards/44d08581aaf14f39bc0da5d02f378007)
Percent of policies in band $40-$50 increase (all NFIP policies),Florida,0.239,percent,https://services3.arcgis.com/PwSEIra0zgvwmApz/arcgis/rest/services/All_and_SFH_Policies_by_State/FeatureServer/0  (dashboard: https://www.arcgis.com/apps/dashboards/44d08581aaf14f39bc0da5d02f378007)
Policies in band $50-$60 increase (all NFIP policies),Florida,2957,policies,https://services3.arcgis.com/PwSEIra0zgvwmApz/arcgis/rest/services/All_and_SFH_Policies_by_State/FeatureServer/0  (dashboard: https://www.arcgis.com/apps/dashboards/44d08581aaf14f39bc0da5d02f378007)
Percent of policies in band $50-$60 increase (all NFIP policies),Florida,0.171,percent,https://services3.arcgis.com/PwSEIra0zgvwmApz/arcgis/rest/services/All_and_SFH_Policies_by_State/FeatureServer/0  (dashboard: https://www.arcgis.com/apps/dashboards/44d08581aaf14f39bc0da5d02f378007)
Policies in band $60-$70 increase (all NFIP policies),Florida,1367,policies,https://services3.arcgis.com/PwSEIra0zgvwmApz/arcgis/rest/services/All_and_SFH_Policies_by_State/FeatureServer/0  (dashboard: https://www.arcgis.com/apps/dashboards/44d08581aaf14f39bc0da5d02f378007)
Percent of policies in band $60-$70 increase (all NFIP policies),Florida,0.079,percent,https://services3.arcgis.com/PwSEIra0zgvwmApz/arcgis/rest/services/All_and_SFH_Policies_by_State/FeatureServer/0  (dashboard: https://www.arcgis.com/apps/dashboards/44d08581aaf14f39bc0da5d02f378007)
Policies in band $70-$80 increase (all NFIP policies),Florida,844,policies,https://services3.arcgis.com/PwSEIra0zgvwmApz/arcgis/rest/services/All_and_SFH_Policies_by_State/FeatureServer/0  (dashboard: https://www.arcgis.com/apps/dashboards/44d08581aaf14f39bc0da5d02f378007)
Percent of policies in band $70-$80 increase (all NFIP policies),Florida,0.049,percent,https://services3.arcgis.com/PwSEIra0zgvwmApz/arcgis/rest/services/All_and_SFH_Policies_by_State/FeatureServer/0  (dashboard: https://www.arcgis.com/apps/dashboards/44d08581aaf14f39bc0da5d02f378007)
Policies in band $80-$90 increase (all NFIP policies),Florida,538,policies,https://services3.arcgis.com/PwSEIra0zgvwmApz/arcgis/rest/services/All_and_SFH_Policies_by_State/FeatureServer/0  (dashboard: https://www.arcgis.com/apps/dashboards/44d08581aaf14f39bc0da5d02f378007)
Percent of policies in band $80-$90 increase (all NFIP policies),Florida,0.031,percent,https://services3.arcgis.com/PwSEIra0zgvwmApz/arcgis/rest/services/All_and_SFH_Policies_by_State/FeatureServer/0  (dashboard: https://www.arcgis.com/apps/dashboards/44d08581aaf14f39bc0da5d02f378007)
Policies in band $90-$100 increase (all NFIP policies),Florida,347,policies,https://services3.arcgis.com/PwSEIra0zgvwmApz/arcgis/rest/services/All_and_SFH_Policies_by_State/FeatureServer/0  (dashboard: https://www.arcgis.com/apps/dashboards/44d08581aaf14f39bc0da5d02f378007)
Percent of policies in band $90-$100 increase (all NFIP policies),Florida,0.02,percent,https://services3.arcgis.com/PwSEIra0zgvwmApz/arcgis/rest/services/All_and_SFH_Policies_by_State/FeatureServer/0  (dashboard: https://www.arcgis.com/apps/dashboards/44d08581aaf14f39bc0da5d02f378007)
Policies in band $100+ increase (all NFIP policies),Florida,1151,policies,https://services3.arcgis.com/PwSEIra0zgvwmApz/arcgis/rest/services/All_and_SFH_Policies_by_State/FeatureServer/0  (dashboard: https://www.arcgis.com/apps/dashboards/44d08581aaf14f39bc0da5d02f378007)
Percent of policies in band $100+ increase (all NFIP policies),Florida,0.067,percent,https://services3.arcgis.com/PwSEIra0zgvwmApz/arcgis/rest/services/All_and_SFH_Policies_by_State/FeatureServer/0  (dashboard: https://www.arcgis.com/apps/dashboards/44d08581aaf14f39bc0da5d02f378007)
Total policies analyzed (single-family home policies),Florida,921339,policies,https://services3.arcgis.com/PwSEIra0zgvwmApz/arcgis/rest/services/All_and_SFH_Policies_by_State/FeatureServer/0  (dashboard: https://www.arcgis.com/apps/dashboards/44d08581aaf14f39bc0da5d02f378007)
Policies with premium DECREASE under RR2.0 (single-family home policies),Florida,114617,policies,https://services3.arcgis.com/PwSEIra0zgvwmApz/arcgis/rest/services/All_and_SFH_Policies_by_State/FeatureServer/0  (dashboard: https://www.arcgis.com/apps/dashboards/44d08581aaf14f39bc0da5d02f378007)
Percent of policies with premium DECREASE under RR2.0 (single-family home policies),Florida,12.44,percent,https://services3.arcgis.com/PwSEIra0zgvwmApz/arcgis/rest/services/All_and_SFH_Policies_by_State/FeatureServer/0  (dashboard: https://www.arcgis.com/apps/dashboards/44d08581aaf14f39bc0da5d02f378007)
Policies with premium INCREASE under RR2.0 (single-family home policies),Florida,806722,policies,https://services3.arcgis.com/PwSEIra0zgvwmApz/arcgis/rest/services/All_and_SFH_Policies_by_State/FeatureServer/0  (dashboard: https://www.arcgis.com/apps/dashboards/44d08581aaf14f39bc0da5d02f378007)  [derived: grand total - decreases]
Percent of policies with premium INCREASE under RR2.0 (single-family home policies),Florida,87.56,percent,https://services3.arcgis.com/PwSEIra0zgvwmApz/arcgis/rest/services/All_and_SFH_Policies_by_State/FeatureServer/0  (dashboard: https://www.arcgis.com/apps/dashboards/44d08581aaf14f39bc0da5d02f378007)  [derived: 100 - pct decrease]
Policies with increase greater than $20/month (single-family home policies),Florida,48851,policies,https://services3.arcgis.com/PwSEIra0zgvwmApz/arcgis/rest/services/All_and_SFH_Policies_by_State/FeatureServer/0  (dashboard: https://www.arcgis.com/apps/dashboards/44d08581aaf14f39bc0da5d02f378007)
Percent of policies with increase greater than $20/month (single-family home policies),Florida,5.3,percent,https://services3.arcgis.com/PwSEIra0zgvwmApz/arcgis/rest/services/All_and_SFH_Policies_by_State/FeatureServer/0  (dashboard: https://www.arcgis.com/apps/dashboards/44d08581aaf14f39bc0da5d02f378007)
Policies in band $100+ decrease (single-family home policies),Florida,12992,policies,https://services3.arcgis.com/PwSEIra0zgvwmApz/arcgis/rest/services/All_and_SFH_Policies_by_State/FeatureServer/0  (dashboard: https://www.arcgis.com/apps/dashboards/44d08581aaf14f39bc0da5d02f378007)
Percent of policies in band $100+ decrease (single-family home policies),Florida,1.41,percent,https://services3.arcgis.com/PwSEIra0zgvwmApz/arcgis/rest/services/All_and_SFH_Policies_by_State/FeatureServer/0  (dashboard: https://www.arcgis.com/apps/dashboards/44d08581aaf14f39bc0da5d02f378007)
Policies in band $90-$100 decrease (single-family home policies),Florida,1968,policies,https://services3.arcgis.com/PwSEIra0zgvwmApz/arcgis/rest/services/All_and_SFH_Policies_by_State/FeatureServer/0  (dashboard: https://www.arcgis.com/apps/dashboards/44d08581aaf14f39bc0da5d02f378007)
Percent of policies in band $90-$100 decrease (single-family home policies),Florida,0.214,percent,https://services3.arcgis.com/PwSEIra0zgvwmApz/arcgis/rest/services/All_and_SFH_Policies_by_State/FeatureServer/0  (dashboard: https://www.arcgis.com/apps/dashboards/44d08581aaf14f39bc0da5d02f378007)
Policies in band $80-$90 decrease (single-family home policies),Florida,2312,policies,https://services3.arcgis.com/PwSEIra0zgvwmApz/arcgis/rest/services/All_and_SFH_Policies_by_State/FeatureServer/0  (dashboard: https://www.arcgis.com/apps/dashboards/44d08581aaf14f39bc0da5d02f378007)
Percent of policies in band $80-$90 decrease (single-family home policies),Florida,0.251,percent,https://services3.arcgis.com/PwSEIra0zgvwmApz/arcgis/rest/services/All_and_SFH_Policies_by_State/FeatureServer/0  (dashboard: https://www.arcgis.com/apps/dashboards/44d08581aaf14f39bc0da5d02f378007)
Policies in band $70-$80 decrease (single-family home policies),Florida,2682,policies,https://services3.arcgis.com/PwSEIra0zgvwmApz/arcgis/rest/services/All_and_SFH_Policies_by_State/FeatureServer/0  (dashboard: https://www.arcgis.com/apps/dashboards/44d08581aaf14f39bc0da5d02f378007)
Percent of policies in band $70-$80 decrease (single-family home policies),Florida,0.291,percent,https://services3.arcgis.com/PwSEIra0zgvwmApz/arcgis/rest/services/All_and_SFH_Policies_by_State/FeatureServer/0  (dashboard: https://www.arcgis.com/apps/dashboards/44d08581aaf14f39bc0da5d02f378007)
Policies in band $60-$70 decrease (single-family home policies),Florida,3064,policies,https://services3.arcgis.com/PwSEIra0zgvwmApz/arcgis/rest/services/All_and_SFH_Policies_by_State/FeatureServer/0  (dashboard: https://www.arcgis.com/apps/dashboards/44d08581aaf14f39bc0da5d02f378007)
Percent of policies in band $60-$70 decrease (single-family home policies),Florida,0.333,percent,https://services3.arcgis.com/PwSEIra0zgvwmApz/arcgis/rest/services/All_and_SFH_Policies_by_State/FeatureServer/0  (dashboard: https://www.arcgis.com/apps/dashboards/44d08581aaf14f39bc0da5d02f378007)
Policies in band $50-$60 decrease (single-family home policies),Florida,3299,policies,https://services3.arcgis.com/PwSEIra0zgvwmApz/arcgis/rest/services/All_and_SFH_Policies_by_State/FeatureServer/0  (dashboard: https://www.arcgis.com/apps/dashboards/44d08581aaf14f39bc0da5d02f378007)
Percent of policies in band $50-$60 decrease (single-family home policies),Florida,0.358,percent,https://services3.arcgis.com/PwSEIra0zgvwmApz/arcgis/rest/services/All_and_SFH_Policies_by_State/FeatureServer/0  (dashboard: https://www.arcgis.com/apps/dashboards/44d08581aaf14f39bc0da5d02f378007)
Policies in band $40-$50 decrease (single-family home policies),Florida,3795,policies,https://services3.arcgis.com/PwSEIra0zgvwmApz/arcgis/rest/services/All_and_SFH_Policies_by_State/FeatureServer/0  (dashboard: https://www.arcgis.com/apps/dashboards/44d08581aaf14f39bc0da5d02f378007)
Percent of policies in band $40-$50 decrease (single-family home policies),Florida,0.412,percent,https://services3.arcgis.com/PwSEIra0zgvwmApz/arcgis/rest/services/All_and_SFH_Policies_by_State/FeatureServer/0  (dashboard: https://www.arcgis.com/apps/dashboards/44d08581aaf14f39bc0da5d02f378007)
Policies in band $30-$40 decrease (single-family home policies),Florida,4489,policies,https://services3.arcgis.com/PwSEIra0zgvwmApz/arcgis/rest/services/All_and_SFH_Policies_by_State/FeatureServer/0  (dashboard: https://www.arcgis.com/apps/dashboards/44d08581aaf14f39bc0da5d02f378007)
Percent of policies in band $30-$40 decrease (single-family home policies),Florida,0.487,percent,https://services3.arcgis.com/PwSEIra0zgvwmApz/arcgis/rest/services/All_and_SFH_Policies_by_State/FeatureServer/0  (dashboard: https://www.arcgis.com/apps/dashboards/44d08581aaf14f39bc0da5d02f378007)
Policies in band $20-$30 decrease (single-family home policies),Florida,7150,policies,https://services3.arcgis.com/PwSEIra0zgvwmApz/arcgis/rest/services/All_and_SFH_Policies_by_State/FeatureServer/0  (dashboard: https://www.arcgis.com/apps/dashboards/44d08581aaf14f39bc0da5d02f378007)
Percent of policies in band $20-$30 decrease (single-family home policies),Florida,0.776,percent,https://services3.arcgis.com/PwSEIra0zgvwmApz/arcgis/rest/services/All_and_SFH_Policies_by_State/FeatureServer/0  (dashboard: https://www.arcgis.com/apps/dashboards/44d08581aaf14f39bc0da5d02f378007)
Policies in band $10-$20 decrease (single-family home policies),Florida,13943,policies,https://services3.arcgis.com/PwSEIra0zgvwmApz/arcgis/rest/services/All_and_SFH_Policies_by_State/FeatureServer/0  (dashboard: https://www.arcgis.com/apps/dashboards/44d08581aaf14f39bc0da5d02f378007)
Percent of policies in band $10-$20 decrease (single-family home policies),Florida,1.513,percent,https://services3.arcgis.com/PwSEIra0zgvwmApz/arcgis/rest/services/All_and_SFH_Policies_by_State/FeatureServer/0  (dashboard: https://www.arcgis.com/apps/dashboards/44d08581aaf14f39bc0da5d02f378007)
Policies in band $0-$10 decrease (single-family home policies),Florida,58923,policies,https://services3.arcgis.com/PwSEIra0zgvwmApz/arcgis/rest/services/All_and_SFH_Policies_by_State/FeatureServer/0  (dashboard: https://www.arcgis.com/apps/dashboards/44d08581aaf14f39bc0da5d02f378007)
Percent of policies in band $0-$10 decrease (single-family home policies),Florida,6.395,percent,https://services3.arcgis.com/PwSEIra0zgvwmApz/arcgis/rest/services/All_and_SFH_Policies_by_State/FeatureServer/0  (dashboard: https://www.arcgis.com/apps/dashboards/44d08581aaf14f39bc0da5d02f378007)
Policies in band $0-$10 increase (single-family home policies),Florida,663931,policies,https://services3.arcgis.com/PwSEIra0zgvwmApz/arcgis/rest/services/All_and_SFH_Policies_by_State/FeatureServer/0  (dashboard: https://www.arcgis.com/apps/dashboards/44d08581aaf14f39bc0da5d02f378007)
Percent of policies in band $0-$10 increase (single-family home policies),Florida,72.062,percent,https://services3.arcgis.com/PwSEIra0zgvwmApz/arcgis/rest/services/All_and_SFH_Policies_by_State/FeatureServer/0  (dashboard: https://www.arcgis.com/apps/dashboards/44d08581aaf14f39bc0da5d02f378007)
Policies in band $10-$20 increase (single-family home policies),Florida,93940,policies,https://services3.arcgis.com/PwSEIra0zgvwmApz/arcgis/rest/services/All_and_SFH_Policies_by_State/FeatureServer/0  (dashboard: https://www.arcgis.com/apps/dashboards/44d08581aaf14f39bc0da5d02f378007)
Percent of policies in band $10-$20 increase (single-family home policies),Florida,10.196,percent,https://services3.arcgis.com/PwSEIra0zgvwmApz/arcgis/rest/services/All_and_SFH_Policies_by_State/FeatureServer/0  (dashboard: https://www.arcgis.com/apps/dashboards/44d08581aaf14f39bc0da5d02f378007)
Policies in band $20-$30 increase (single-family home policies),Florida,37201,policies,https://services3.arcgis.com/PwSEIra0zgvwmApz/arcgis/rest/services/All_and_SFH_Policies_by_State/FeatureServer/0  (dashboard: https://www.arcgis.com/apps/dashboards/44d08581aaf14f39bc0da5d02f378007)
Percent of policies in band $20-$30 increase (single-family home policies),Florida,4.038,percent,https://services3.arcgis.com/PwSEIra0zgvwmApz/arcgis/rest/services/All_and_SFH_Policies_by_State/FeatureServer/0  (dashboard: https://www.arcgis.com/apps/dashboards/44d08581aaf14f39bc0da5d02f378007)
Policies in band $30-$40 increase (single-family home policies),Florida,7971,policies,https://services3.arcgis.com/PwSEIra0zgvwmApz/arcgis/rest/services/All_and_SFH_Policies_by_State/FeatureServer/0  (dashboard: https://www.arcgis.com/apps/dashboards/44d08581aaf14f39bc0da5d02f378007)
Percent of policies in band $30-$40 increase (single-family home policies),Florida,0.865,percent,https://services3.arcgis.com/PwSEIra0zgvwmApz/arcgis/rest/services/All_and_SFH_Policies_by_State/FeatureServer/0  (dashboard: https://www.arcgis.com/apps/dashboards/44d08581aaf14f39bc0da5d02f378007)
Policies in band $40-$50 increase (single-family home policies),Florida,1344,policies,https://services3.arcgis.com/PwSEIra0zgvwmApz/arcgis/rest/services/All_and_SFH_Policies_by_State/FeatureServer/0  (dashboard: https://www.arcgis.com/apps/dashboards/44d08581aaf14f39bc0da5d02f378007)
Percent of policies in band $40-$50 increase (single-family home policies),Florida,0.146,percent,https://services3.arcgis.com/PwSEIra0zgvwmApz/arcgis/rest/services/All_and_SFH_Policies_by_State/FeatureServer/0  (dashboard: https://www.arcgis.com/apps/dashboards/44d08581aaf14f39bc0da5d02f378007)
Policies in band $50-$60 increase (single-family home policies),Florida,914,policies,https://services3.arcgis.com/PwSEIra0zgvwmApz/arcgis/rest/services/All_and_SFH_Policies_by_State/FeatureServer/0  (dashboard: https://www.arcgis.com/apps/dashboards/44d08581aaf14f39bc0da5d02f378007)
Percent of policies in band $50-$60 increase (single-family home policies),Florida,0.099,percent,https://services3.arcgis.com/PwSEIra0zgvwmApz/arcgis/rest/services/All_and_SFH_Policies_by_State/FeatureServer/0  (dashboard: https://www.arcgis.com/apps/dashboards/44d08581aaf14f39bc0da5d02f378007)
Policies in band $60-$70 increase (single-family home policies),Florida,461,policies,https://services3.arcgis.com/PwSEIra0zgvwmApz/arcgis/rest/services/All_and_SFH_Policies_by_State/FeatureServer/0  (dashboard: https://www.arcgis.com/apps/dashboards/44d08581aaf14f39bc0da5d02f378007)
Percent of policies in band $60-$70 increase (single-family home policies),Florida,0.05,percent,https://services3.arcgis.com/PwSEIra0zgvwmApz/arcgis/rest/services/All_and_SFH_Policies_by_State/FeatureServer/0  (dashboard: https://www.arcgis.com/apps/dashboards/44d08581aaf14f39bc0da5d02f378007)
Policies in band $70-$80 increase (single-family home policies),Florida,268,policies,https://services3.arcgis.com/PwSEIra0zgvwmApz/arcgis/rest/services/All_and_SFH_Policies_by_State/FeatureServer/0  (dashboard: https://www.arcgis.com/apps/dashboards/44d08581aaf14f39bc0da5d02f378007)
Percent of policies in band $70-$80 increase (single-family home policies),Florida,0.029,percent,https://services3.arcgis.com/PwSEIra0zgvwmApz/arcgis/rest/services/All_and_SFH_Policies_by_State/FeatureServer/0  (dashboard: https://www.arcgis.com/apps/dashboards/44d08581aaf14f39bc0da5d02f378007)
Policies in band $80-$90 increase (single-family home policies),Florida,150,policies,https://services3.arcgis.com/PwSEIra0zgvwmApz/arcgis/rest/services/All_and_SFH_Policies_by_State/FeatureServer/0  (dashboard: https://www.arcgis.com/apps/dashboards/44d08581aaf14f39bc0da5d02f378007)
Percent of policies in band $80-$90 increase (single-family home policies),Florida,0.016,percent,https://services3.arcgis.com/PwSEIra0zgvwmApz/arcgis/rest/services/All_and_SFH_Policies_by_State/FeatureServer/0  (dashboard: https://www.arcgis.com/apps/dashboards/44d08581aaf14f39bc0da5d02f378007)
Policies in band $90-$100 increase (single-family home policies),Florida,149,policies,https://services3.arcgis.com/PwSEIra0zgvwmApz/arcgis/rest/services/All_and_SFH_Policies_by_State/FeatureServer/0  (dashboard: https://www.arcgis.com/apps/dashboards/44d08581aaf14f39bc0da5d02f378007)
Percent of policies in band $90-$100 increase (single-family home policies),Florida,0.016,percent,https://services3.arcgis.com/PwSEIra0zgvwmApz/arcgis/rest/services/All_and_SFH_Policies_by_State/FeatureServer/0  (dashboard: https://www.arcgis.com/apps/dashboards/44d08581aaf14f39bc0da5d02f378007)
Policies in band $100+ increase (single-family home policies),Florida,393,policies,https://services3.arcgis.com/PwSEIra0zgvwmApz/arcgis/rest/services/All_and_SFH_Policies_by_State/FeatureServer/0  (dashboard: https://www.arcgis.com/apps/dashboards/44d08581aaf14f39bc0da5d02f378007)
Percent of policies in band $100+ increase (single-family home policies),Florida,0.043,percent,https://services3.arcgis.com/PwSEIra0zgvwmApz/arcgis/rest/services/All_and_SFH_Policies_by_State/FeatureServer/0  (dashboard: https://www.arcgis.com/apps/dashboards/44d08581aaf14f39bc0da5d02f378007)
SFH policies analyzed under RR2.0,"ZIP 33128 (Miami-Dade County, FL)",24,policies,https://services3.arcgis.com/PwSEIra0zgvwmApz/arcgis/rest/services/SFH_and_All_Policies_by_Zip_Code/FeatureServer/1  (dashboard: https://www.arcgis.com/apps/dashboards/d81c4a385def4525a60657df03b7f331)
SFH policies with premium DECREASE under RR2.0,"ZIP 33128 (Miami-Dade County, FL)",8,policies,https://services3.arcgis.com/PwSEIra0zgvwmApz/arcgis/rest/services/SFH_and_All_Policies_by_Zip_Code/FeatureServer/1  (dashboard: https://www.arcgis.com/apps/dashboards/d81c4a385def4525a60657df03b7f331)
SFH policies with increase greater than $20/month,"ZIP 33128 (Miami-Dade County, FL)",0,policies,https://services3.arcgis.com/PwSEIra0zgvwmApz/arcgis/rest/services/SFH_and_All_Policies_by_Zip_Code/FeatureServer/1  (dashboard: https://www.arcgis.com/apps/dashboards/d81c4a385def4525a60657df03b7f331)
Percent of SFH policies with premium DECREASE under RR2.0,"ZIP 33128 (Miami-Dade County, FL)",33.33,percent,https://services3.arcgis.com/PwSEIra0zgvwmApz/arcgis/rest/services/SFH_and_All_Policies_by_Zip_Code/FeatureServer/1  (dashboard: https://www.arcgis.com/apps/dashboards/d81c4a385def4525a60657df03b7f331)  [derived]
SFH policies analyzed under RR2.0,"ZIP 33130 (Miami-Dade County, FL)",32,policies,https://services3.arcgis.com/PwSEIra0zgvwmApz/arcgis/rest/services/SFH_and_All_Policies_by_Zip_Code/FeatureServer/1  (dashboard: https://www.arcgis.com/apps/dashboards/d81c4a385def4525a60657df03b7f331)
SFH policies with premium DECREASE under RR2.0,"ZIP 33130 (Miami-Dade County, FL)",8,policies,https://services3.arcgis.com/PwSEIra0zgvwmApz/arcgis/rest/services/SFH_and_All_Policies_by_Zip_Code/FeatureServer/1  (dashboard: https://www.arcgis.com/apps/dashboards/d81c4a385def4525a60657df03b7f331)
SFH policies with increase greater than $20/month,"ZIP 33130 (Miami-Dade County, FL)",0,policies,https://services3.arcgis.com/PwSEIra0zgvwmApz/arcgis/rest/services/SFH_and_All_Policies_by_Zip_Code/FeatureServer/1  (dashboard: https://www.arcgis.com/apps/dashboards/d81c4a385def4525a60657df03b7f331)
Percent of SFH policies with premium DECREASE under RR2.0,"ZIP 33130 (Miami-Dade County, FL)",25.0,percent,https://services3.arcgis.com/PwSEIra0zgvwmApz/arcgis/rest/services/SFH_and_All_Policies_by_Zip_Code/FeatureServer/1  (dashboard: https://www.arcgis.com/apps/dashboards/d81c4a385def4525a60657df03b7f331)  [derived]
SFH policies analyzed under RR2.0,"ZIP 33131 (Miami-Dade County, FL)",suppressed (unknown/withheld ZIP aggregate),note,https://services3.arcgis.com/PwSEIra0zgvwmApz/arcgis/rest/services/SFH_and_All_Policies_by_Zip_Code/FeatureServer/1  (dashboard: https://www.arcgis.com/apps/dashboards/d81c4a385def4525a60657df03b7f331)
SFH policies analyzed under RR2.0,"ZIP 33132 (Miami-Dade County, FL)",suppressed (fewer than 5 policies),note,https://services3.arcgis.com/PwSEIra0zgvwmApz/arcgis/rest/services/SFH_and_All_Policies_by_Zip_Code/FeatureServer/1  (dashboard: https://www.arcgis.com/apps/dashboards/d81c4a385def4525a60657df03b7f331)
SFH policies analyzed under RR2.0,"ZIP 33137 (Miami-Dade County, FL)",349,policies,https://services3.arcgis.com/PwSEIra0zgvwmApz/arcgis/rest/services/SFH_and_All_Policies_by_Zip_Code/FeatureServer/1  (dashboard: https://www.arcgis.com/apps/dashboards/d81c4a385def4525a60657df03b7f331)
SFH policies with premium DECREASE under RR2.0,"ZIP 33137 (Miami-Dade County, FL)",115,policies,https://services3.arcgis.com/PwSEIra0zgvwmApz/arcgis/rest/services/SFH_and_All_Policies_by_Zip_Code/FeatureServer/1  (dashboard: https://www.arcgis.com/apps/dashboards/d81c4a385def4525a60657df03b7f331)
SFH policies with increase greater than $20/month,"ZIP 33137 (Miami-Dade County, FL)",24,policies,https://services3.arcgis.com/PwSEIra0zgvwmApz/arcgis/rest/services/SFH_and_All_Policies_by_Zip_Code/FeatureServer/1  (dashboard: https://www.arcgis.com/apps/dashboards/d81c4a385def4525a60657df03b7f331)
Percent of SFH policies with premium DECREASE under RR2.0,"ZIP 33137 (Miami-Dade County, FL)",32.95,percent,https://services3.arcgis.com/PwSEIra0zgvwmApz/arcgis/rest/services/SFH_and_All_Policies_by_Zip_Code/FeatureServer/1  (dashboard: https://www.arcgis.com/apps/dashboards/d81c4a385def4525a60657df03b7f331)  [derived]
Average monthly premium increase under the PRE-RR2.0 legacy rating method,United States (national),8,USD per month,https://agents.floodsmart.gov/sites/default/files/media/document/2025-08/fema-understanding-risk-rating-2.0-fact-sheet-2025.pdf
Percent of policyholders seeing a decrease or an increase of no more than $20/month under RR2.0,United States (national),96,percent,https://agents.floodsmart.gov/sites/default/files/media/document/2025-08/fema-understanding-risk-rating-2.0-fact-sheet-2025.pdf
Average monthly premium DECREASE for policies that decreased,United States (national),86,USD per month,https://agents.floodsmart.gov/sites/default/files/media/document/2025-08/fema-understanding-risk-rating-2.0-fact-sheet-2025.pdf
Statutory annual premium increase cap until full-risk rate is reached,United States (national),18,percent per year,https://agents.floodsmart.gov/sites/default/files/media/document/2025-08/fema-understanding-risk-rating-2.0-fact-sheet-2025.pdf
