site_no,station_name,lat,lon,land_surface_alt_ft,land_surface_alt_datum,well_depth_ft,hole_depth_ft,aquifer_code,aquifer,national_aquifer_code,aquifer_type_code,datum,construction_date,huc,distance_from_AOI_center_km,inside_AOI,n_level_obs,period_of_record
254822080125501,G  -3704,25.8062333,-80.2152,10.4,NGVD29,112,120,112BSCNN,Biscayne Limestone Aquifer,N400BISCYN,U,NAD83,19990519,03090202,3.277,N,327,2000-11-08/2026-04-09
254923080120201,G  -3226,25.8234307,-80.2003256,10,NAVD88,111,,112BSCNN,Biscayne Limestone Aquifer,N400BISCYN,U,NAD83,19791029,03090206,4.345,N,6,1995-04-26/1997-05-05
254908080125201,G  -3603,25.8194722,-80.2138333,10.2,NGVD29,169,170,112BSCNN,Biscayne Limestone Aquifer,N400BISCYN,U,NAD83,19950914,03090202,4.388,Y,246,1996-10-24/2026-04-09
254903080131301,"G  -5015 Miami-Dade County, FL",25.8175,-80.2203,12.7,NAVD88,154.0,156.0,112BSCNN,Biscayne Limestone Aquifer,N400BISCYN,,NAD83,,030902061405,4.561,N,68,2024-04-01/2026-08-11
254943080121501,F  -  45,25.8288389,-80.2041556,9.8,NGVD29,84.9,,112BSCNN,Biscayne Limestone Aquifer,N400BISCYN,U,NAD83,,03090202,5.012,N,1914,1959-12-02/2026-08-11
254629080143101,G  -3605,25.7748333,-80.2417222,13.2,NGVD29,110,110,112BSCNN,Biscayne Limestone Aquifer,N400BISCYN,U,NAD83,19950915,03090202,5.057,N,282,1996-10-17/2020-01-23
254957080111101,F  - 229,25.8328747,-80.1861584,8.00,NGVD29,131,,,,,,NAD83,,03090202,5.361,N,6,1976-10-07/1977-05-05
255055080113601,G  - 183,25.8350969,-80.1917142,11.78,NGVD29,350,,,,,,NAD83,,03090202,5.571,N,3,1940-09-10/1940-09-10
255014080120301,F  -  33,25.8375968,-80.2006033,8,NAVD88,56.7,,,,,,NAD83,,03090206,5.904,N,3,1976-05-04/1976-05-04
254629080150401,F  - 129,25.7750992,-80.250883,9,NAVD88,53.1,,,,,,NAD83,,03090206,5.949,N,12,1975-10-06/1977-05-03
255011080124501,G  -3947,25.8364722,-80.2126111,11.71,NGVD29,200,229,112BSCNN,Biscayne Limestone Aquifer,N400BISCYN,U,NAD83,,03090202,6.067,N,585,2011-01-18/2026-08-11
254601080150301,G  -3977D,25.7668139,-80.2510972,11.44,NGVD29,143.5,150.0,112BSCNN,Biscayne Limestone Aquifer,N400BISCYN,U,NAD83,20160106,03090202,6.206,N,141,2016-04-26/2026-07-27
254601080150302,G  -3977S,25.7668139,-80.2510972,11.44,NGVD29,51.5,150.,112BSCNN,Biscayne Limestone Aquifer,N400BISCYN,U,NAD83,20160106,03090202,6.206,N,132,2016-04-26/2026-07-27
254542080145901,G  -3888A,25.7618611,-80.2499444,14.14,NGVD29,143.5,149,112BSCNN,Biscayne Limestone Aquifer,N400BISCYN,U,NAD83,20090803,03090202,6.301,N,582,2010-01-07/2026-07-28
254542080145902,G  -3888B,25.7618611,-80.2499444,14.14,NGVD29,141,149,112BSCNN,Biscayne Limestone Aquifer,N400BISCYN,U,NAD83,20090803,03090202,6.301,N,552,2011-11-23/2026-07-28
254542080145903,G  -3888C,25.7618611,-80.2499444,14.14,NGVD29,88,149,112BSCNN,Biscayne Limestone Aquifer,N400BISCYN,U,NAD83,20090803,03090202,6.301,N,540,2011-11-23/2026-07-28
254722080152201,G  -3604,25.7899167,-80.2562778,5.0,NGVD29,120,120,112BSCNN,Biscayne Limestone Aquifer,N400BISCYN,U,NAD83,19950818,03090202,6.409,N,348,1997-04-21/2026-07-27
254922080142701,G  -3959,25.8229167,-80.2409722,9.4,NGVD29,15.0,15.0,112BSCNN,Biscayne Limestone Aquifer,N400BISCYN,U,NAD83,2010,03090202,6.428,N,330,2012-01-13/2026-06-04
254612080152201,"G  -5017 Miami-Dade County, FL",25.770169,-80.256319,9.09,NAVD88,135.0,135.0,112BSCNN,Biscayne Limestone Aquifer,N400BISCYN,,NAD83,,030902061405,6.6,N,46,2024-11-05/2026-07-27
254628080152901,G  -3228,25.7748214,-80.2578277,8,NAVD88,96.1,98,112BSCNS,Biscayne Sandy Limestone Aquifer,N400BISCYN,U,NAD83,19790810,03090202,6.638,N,3,1979-08-20/1979-08-20
254426080142001,F  - 177,25.7409337,-80.2386606,9,NAVD88,55.5,,,,,,NAD83,,03090202,6.736,N,6,1940-05-17/1940-06-19
254851080151101,G  -1353,25.8145422,-80.2528274,8.00,NGVD29,103,,,,,,NAD83,19680101,03090202,6.875,N,18,1976-03-12/1976-06-01
254406080140501,F  - 213,25.7353783,-80.2344938,14,NAVD88,69.1,,,,,,NAD83,,03090202,6.938,N,6,1940-05-15/1940-06-21
254444080144801,F  - 179,25.7456472,-80.2464,9.5,NGVD29,77,,112BSCNN,Biscayne Limestone Aquifer,N400BISCYN,,NAD83,,03090202,6.948,N,645,1984-01-23/2026-08-05
254833080152801,G  -1355,25.8095424,-80.2575498,8.00,NGVD29,104,,,,,,NAD83,19680101,03090202,7.061,N,18,1976-03-12/1976-06-01
254707080155801,G -5005,25.7852083,-80.2659917,8,NAVD88,179.5,180,112BSCNN,Biscayne Limestone Aquifer,N400BISCYN,U,NAD83,20191011,03090202,7.358,N,180,2020-04-21/2026-07-27
254824080155301,G  -3964,25.8068972,-80.2648278,7.04,NGVD29,130,189,112BSCNN,Biscayne Limestone Aquifer,N400BISCYN,U,NAD83,20140528,03090202,7.639,N,258,2014-10-09/2026-08-14
254849080154802,G  - 576,25.8139867,-80.2631055,6.44,NGVD29,97.3,,112BSCNN,Biscayne Limestone Aquifer,N400BISCYN,U,NAD83,,03090202,7.769,N,315,1975-10-07/1996-09-27
255116080120601,G  -3602,25.8548056,-80.2014444,5.2,NGVD29,160,160,112BSCNN,Biscayne Limestone Aquifer,N400BISCYN,U,NAD83,19950913,03090202,7.813,N,375,1996-10-17/2026-07-13
254833080155801,G  -1354,25.8095833,-80.2657222,6.6,NGVD29,104,,112BSCNN,Biscayne Limestone Aquifer,N400BISCYN,U,NAD83,,03090202,7.824,N,1080,1976-05-04/2026-08-14
254738080161401,G  -1352,25.7942652,-80.270328,8.00,NGVD29,89,,,,,,NAD83,19680101,03090202,7.86,N,39,1977-05-03/1984-05-24
254331080142402,G  -3749,25.7257842,-80.2399968,2.43,NGVD29,,63.2,112BSCNN,Biscayne Limestone Aquifer,N400BISCYN,U,NAD83,,03090202,8.123,N,36,1998-02-20/1999-03-03
254331080142403,G  -3750,25.7258064,-80.2400246,2.62,NGVD29,,98.3,112BSCNN,Biscayne Limestone Aquifer,N400BISCYN,U,NAD83,,03090202,8.123,N,33,1998-03-03/1999-03-03
254331080142401,G  -3748,25.7257537,-80.239969,2.37,NGVD29,,35.5,112BSCNN,Biscayne Limestone Aquifer,N400BISCYN,U,NAD83,,03090202,8.124,N,33,1998-03-03/1999-03-03
254813080161501,G  -1351,25.804,-80.2709167,6.80,NGVD29,103,,112BSCNN,Biscayne Limestone Aquifer,N400BISCYN,,NAD83,,03090202,8.13,N,1383,1975-10-07/2026-08-14
254828080161501,G  - 354,25.8084833,-80.2705833,6.33,NGVD29,90.2,,112BSCNN,Biscayne Limestone Aquifer,N400BISCYN,U,NAD83,,03090202,8.242,N,762,1990-10-25/2020-07-17
254828080161502,"G  - 354R Miami-Dade County, FL",25.808567,-80.270767,5.2,NAVD88,91.0,91.0,112BSCNN,Biscayne Limestone Aquifer,N400BISCYN,,NAD83,,030902061405,8.262,N,64,2024-01-29/2026-08-14
254338080144501,G  -  43,25.7276008,-80.2456054,8,NAVD88,12.8,,,,,,NAD83,,03090202,8.308,N,3,1940-10-05/1940-10-05
254842080161502,G  - 355,25.8120423,-80.2706057,4.29,NGVD29,82.9,,112BSCNN,Biscayne Limestone Aquifer,N400BISCYN,U,NAD83,19440801,03090202,8.378,N,147,1975-10-07/1990-10-15
254903080160901,F  - 237,25.8178755,-80.2689389,4,NAVD88,55.4,,112BSCNN,Biscayne Limestone Aquifer,N400BISCYN,U,NAD83,,03090206,8.481,N,30,1975-10-07/1980-10-07
254903080160902,F  - 237A,25.8178755,-80.2689389,4,NAVD88,107,,112BSCNN,Biscayne Limestone Aquifer,N400BISCYN,U,NAD83,19750701,03090202,8.481,N,3,1976-05-04/1976-05-04
254457080160301,G  -3229,25.7495556,-80.2675556,6.9,NGVD29,85,,112BSCNN,Biscayne Limestone Aquifer,N400BISCYN,U,NAD83,19790801,03090202,8.487,N,963,1993-10-28/2026-07-28
254839080162301,G  -3467,25.811472,-80.272778,4.3,NGVD29,27.5,,112BSCNN,Biscayne Limestone Aquifer,N400BISCYN,,NAD83,19880115,03090202,8.559,N,559,1989-11-27/2026-07-13
254758080163801,G  - 991,25.7998206,-80.2769948,6.57,NGVD29,107,,,,,,NAD83,19590101,03090202,8.618,N,9,1977-05-03/1978-05-03
254834080162801,G  - 570,25.8098202,-80.2742169,5.77,NGVD29,87,94.1,112BSCNN,Biscayne Limestone Aquifer,N400BISCYN,U,NAD83,19480201,03090202,8.634,N,147,1975-10-07/1996-04-23
254845080162501,F  -   7,25.8128757,-80.2733835,5,NAVD88,54.8,,,,,,NAD83,,03090206,8.67,N,54,1975-10-07/1984-10-16
254326080145201,MIAMI-DADE G-3747,25.7244065,-80.247636,00016.09,NGVD29,98.1,,112BSCNN,Biscayne Limestone Aquifer,N400BISCYN,U,NAD83,,03090202,8.711,N,42,1998-02-20/1999-03-03
254837080163001,F  -   9,25.8106535,-80.2747725,5,NAVD88,48.8,,112BSCNN,Biscayne Limestone Aquifer,N400BISCYN,,NAD83,,03090206,8.716,N,42,1975-10-07/1982-10-18
254823080163701,G  -3327,25.8053611,-80.2767778,6.2,NGVD29,54,,112BSCNN,Biscayne Limestone Aquifer,N400BISCYN,U,NAD83,,03090202,8.736,N,810,1989-11-27/2026-08-14
254842080164101,F  -  10,25.8120424,-80.2778281,8.57,NGVD29,80.7,,112BSCNN,Biscayne Limestone Aquifer,N400BISCYN,,NAD83,,03090202,9.056,N,72,1975-10-07/1995-04-26
254855080125001,F  -   5,25.8156534,-80.2764391,4,NAVD88,53,,112BSCNN,Biscayne Limestone Aquifer,N400BISCYN,U,NAD83,19390301,03090206,9.068,N,60,1975-10-07/1985-05-30
254500080162801,G  -3965,25.7500444,-80.2745,9.95,NGVD29,119,136,112BSCNN,Biscayne Limestone Aquifer,N400BISCYN,U,NAD83,20140424,03090202,9.085,N,264,2014-10-27/2026-07-28
254855080163701,G  - 548,25.8155278,-80.2767778,6.4,NGVD29,97.3,,112BSCNN,Biscayne Limestone Aquifer,N400BISCYN,U,NAD83,19470620,03090202,9.094,N,1395,1975-10-07/2026-07-13
254319080150401,G  -  40,25.7223232,-80.2508834,9,NAVD88,20,,,,,,NAD83,,03090202,9.097,N,3,1940-10-09/1940-10-09
254841080164401,G  - 571,25.8118611,-80.2786944,6.00,NGVD29,94.5,,112BSCNN,Biscayne Limestone Aquifer,N400BISCYN,U,NAD83,,03090202,9.131,N,1425,1975-10-07/2026-08-14
254840080164501,F  -   6,25.8114868,-80.2789392,5,NAVD88,47.7,,,,,,NAD83,,03090206,9.141,N,42,1975-10-07/1984-10-16
254850080164201,F  -  11,25.8142645,-80.2781059,5,NAVD88,59.3,,112BSCNN,Biscayne Limestone Aquifer,N400BISCYN,,NAD83,,03090206,9.167,N,21,1975-10-07/1978-10-13
254836080165201,G  - 577,25.8103758,-80.2808837,5.94,NGVD29,98.7,,112BSCNN,Biscayne Limestone Aquifer,N400BISCYN,,NAD83,19480101,03090202,9.287,N,132,1975-10-07/1995-10-24
254813080170001,G  -1350,25.8039871,-80.283106,8.00,NGVD29,105,,,,,,NAD83,19680101,03090202,9.314,N,90,1975-10-07/1989-10-16
254900080162401,F  -   3,25.8170422,-80.2789392,4,NAVD88,48.2,,,,,,NAD83,,03090206,9.358,N,18,1975-10-07/1978-05-03
254328080153501,G  -  30,25.7248232,-80.2594947,12,NAVD88,20,,,,,,NAD83,,03090202,9.476,N,6,1940-04-06/1940-10-10
254245080153301,S  - 386,25.7242676,-80.2589391,12,NAVD88,18,,,,,,NAD83,,03090202,9.48,N,3,1940-03-15/1940-03-15
254912080164501,F  -   2,25.8203754,-80.2789392,3,NAVD88,73.4,77,112BSCNN,Biscayne Limestone Aquifer,N400BISCYN,,NAD83,19390301,03090206,9.505,N,45,1975-10-07/1985-05-14
254912080164502,F  -   2A,25.8203754,-80.2789392,3,NAVD88,90,,112BSCNN,Biscayne Limestone Aquifer,N400BISCYN,U,NAD83,19720101,03090202,9.505,N,15,1977-10-04/1984-10-24
254244080153505,S  - 380,25.7239899,-80.2594947,11,NAVD88,20.6,,,,,,NAD83,,03090202,9.541,N,3,1940-03-15/1940-03-15
254325080153501,G  -  32,25.7239899,-80.2594947,11,NAVD88,19,,,,,,NAD83,,03090202,9.541,N,3,1940-10-10/1940-10-10
254337080154901,G  -  44,25.7273231,-80.2633837,10,NAVD88,15.3,,,,,,NAD83,,03090202,9.567,N,3,1940-10-09/1940-10-09
254328080154301,G  -  31,25.7248232,-80.261717,9,NAVD88,19.3,,,,,,NAD83,,03090202,9.635,N,3,1940-10-10/1940-10-10
254324080154201,G  -  33,25.7237121,-80.2614392,9,NAVD88,19.5,,,,,,NAD83,,03090202,9.701,N,3,1940-10-10/1940-10-10
255008080161801,F  - 239,25.835725,-80.271625,8.8,NGVD29,52.8,,112BSCNN,Biscayne Limestone Aquifer,N400BISCYN,,NAD83,,03090202,9.724,N,612,1976-05-04/2026-06-04
254317080153801,G  -  46,25.7217677,-80.260328,12,NAVD88,15.9,,,,,,NAD83,,03090202,9.777,N,3,1940-10-09/1940-10-09
254325080155201,G  -  34,25.7239899,-80.264217,6,NAVD88,19.8,,,,,,NAD83,,03090202,9.88,N,3,1940-10-09/1940-10-09
255222080123001,G  -3224,25.8728611,-80.2083611,9.35,NGVD29,95.5,,112BSCNN,Biscayne Limestone Aquifer,N400BISCYN,U,NAD83,19791113,03090202,9.898,N,0,
254834080171601,G  -3466,25.8098611,-80.2876944,8.3,NGVD29,19.50,,112BSCNN,Biscayne Limestone Aquifer,N400BISCYN,U,NAD83,19880115,03090202,9.923,N,558,1989-11-27/2026-06-05
255112080151901,G  -3562,25.8539722,-80.2555278,10.0,NGVD29,19,,112BSCNN,Biscayne Limestone Aquifer,N400BISCYN,U,NAD83,,03090202,9.931,N,588,1995-04-26/2026-06-04
254857080171101,"S  -  68 Miami-Dade County, FL",25.81625,-80.286194,6.2,NGVD29,61.0,,112BSCNN,Biscayne Limestone Aquifer,N400BISCYN,,NAD83,19230101,03090202,10.003,N,783,1976-05-04/2026-08-06
254536080172601,G  -3570,25.760722,-80.289806,10.3,NGVD29,18.7,,112BSCNN,Biscayne Limestone Aquifer,N400BISCYN,U,NAD83,,03090202,10.111,N,537,1994-10-11/2026-07-28
254619080173801,F  - 135,25.7723216,-80.293662,6,NAVD88,67.3,,,,,,NAD83,,03090202,10.227,N,6,1976-10-07/1977-05-03
254741080174001,F  - 423,25.7950986,-80.2942175,8,NAVD88,66.5,,,,,,NAD83,,03090206,10.246,N,24,1975-10-07/1979-10-05
254853080172401,S  -   1B,25.8150979,-80.2897728,8,NAVD88,40,,112BSCNN,Biscayne Limestone Aquifer,N400BISCYN,,NAD83,19280101,03090206,10.297,N,72,1975-10-07/1995-04-26
254913080171601,BW,25.8206532,-80.2875505,4,NAVD88,45.3,,112BSCNN,Biscayne Limestone Aquifer,N400BISCYN,,NAD83,19400101,03090206,10.308,N,66,1975-10-07/1995-04-25
254910080171801,F  -  12,25.8198199,-80.2881061,3,NAVD88,56.9,,112BSCNN,Biscayne Limestone Aquifer,N400BISCYN,,NAD83,,03090202,10.324,N,60,1940-04-25/1995-04-25
254853080172701,C  -   1,25.8150979,-80.2906062,5,NAVD88,30.9,,,,,,NAD83,19400101,03090206,10.376,N,24,1975-10-07/1980-10-07
254945080170201,G  -1168,25.8295418,-80.2836615,3,NAVD88,12.5,,,,,,NAD83,,03090206,10.383,N,12,1975-10-07/1977-10-04
254246080153701,G  -  41,25.7131569,-80.2600503,12,NAVD88,13,,,,,,NAD83,,03090202,10.468,N,3,1940-10-09/1940-10-09
254942080171001,G  - 572,25.8287085,-80.2858838,8.05,NGVD29,21.5,,,,,,NAD83,,03090202,10.536,N,51,1975-10-07/1985-05-14
254857080173301,S  -   5B,25.8162089,-80.2922729,5,NAVD88,42,,,,,,NAD83,19400101,03090206,10.574,N,30,1975-10-07/1981-05-12
254848080173701,S  -   8B,25.813709,-80.293384,8,NAVD88,47,,112BSCNN,Biscayne Limestone Aquifer,N400BISCYN,,NAD83,19730724,03090206,10.592,N,66,1975-10-07/1994-05-04
254914080173001,G  - 441A,25.820931,-80.2914395,7.99,NGVD29,42,,,,,,NAD83,,03090202,10.68,N,30,1975-10-07/1980-10-07
254941080171701,G  -3061,25.8284307,-80.2878283,8.40,NGVD29,1105,,120FLRD,Floridan Aquifer System,S400FLORDN,,NAD83,,03090202,10.695,N,9,1980-05-07/1995-05-18
254712080175901,F  - 487,25.7870434,-80.2994954,7,NAVD88,62.8,,,,,,NAD83,,03090206,10.715,N,30,1975-10-07/1981-05-12
254950080171202,G  -1368A,25.8315,-80.2863333,8.8,NGVD29,39,,112BSCNN,Biscayne Limestone Aquifer,N400BISCYN,,NAD83,,03090202,10.722,N,762,1976-05-04/2026-06-04
254940080172001,G  -1282,25.8280556,-80.2885,6.3,NGVD29,84,,112BSCNN,Biscayne Limestone Aquifer,N400BISCYN,,NAD83,,03090202,10.737,N,1311,1973-04-30/2026-08-14
254940080172002,G  -1283,25.8281529,-80.2886617,6.58,NGVD29,24,,112BSCNN,Biscayne Limestone Aquifer,N400BISCYN,,NAD83,,03090202,10.756,N,12,1973-04-30/1978-10-13
254940080172004,G  -3002B,25.8281529,-80.2886617,1.00,NGVD29,22,,,,,,NAD83,19720101,03090202,10.756,N,3,1973-04-30/1973-04-30
254940080172005,G  -3002C,25.8281529,-80.2886617,1.00,NGVD29,32.5,,,,,,NAD83,19720101,03090202,10.756,N,3,1973-04-30/1973-04-30
254940080172006,G  -3002D,25.8281529,-80.2886617,3,NAVD88,15,,,,,,NAD83,19720101,03090202,10.756,N,3,1973-04-30/1973-04-30
254941080172009,G  -3022,25.8284307,-80.2886617,3,NAVD88,16.5,,,,,,NAD83,19720101,03090202,10.77,N,3,1973-04-30/1973-04-30
254853080174201,S  -   6A,25.8150979,-80.294773,4,NAVD88,12,,,,,,NAD83,19400220,03090206,10.772,N,18,1975-10-07/1981-05-12
254958080171002,G  -1167A,25.8331527,-80.2858838,4,NAVD88,43,,112BSCNN,Biscayne Limestone Aquifer,N400BISCYN,U,NAD83,,03090206,10.773,N,12,1976-10-05/1978-05-03
254912080172701,F  -  13,25.8189866,-80.293384,5,NAVD88,73.3,,112BSCNN,Biscayne Limestone Aquifer,N400BISCYN,,NAD83,,03090206,10.783,N,72,1975-10-07/1995-04-25
254823080175201,G  -3465,25.8066389,-80.2975278,8.2,NGVD29,28.80,,112BSCNN,Biscayne Limestone Aquifer,N400BISCYN,U,NAD83,19880115,03090202,10.787,N,600,1989-11-27/2026-06-05
254832080175001,S  -  19,25.8099444,-80.2971389,6.9,NGVD29,95,,112BSCNN,Biscayne Limestone Aquifer,N400BISCYN,,NAD83,19390101,03090202,10.837,N,681,1976-05-04/2026-06-05
255005080170901,G  -1370,25.8350971,-80.285606,7.80,NGVD29,37.6,,,,,,NAD83,19690101,03090202,10.858,N,15,1976-10-05/1981-03-18
254850080174801,F  -  15,25.8142646,-80.2964397,6,NAVD88,73.1,,112BSCNN,Biscayne Limestone Aquifer,N400BISCYN,,NAD83,,03090202,10.902,N,60,1940-04-25/1985-05-14
254920080173701,G  - 348,25.8225976,-80.293384,4,NAVD88,8,,,,,,NAD83,,03090206,10.93,N,3,1975-10-07/1975-10-07
254847080175101,S  -   7A,25.8134313,-80.297273,5,NAVD88,42,,,,,,NAD83,19400220,03090206,10.955,N,57,1975-10-07/1985-05-14
254943080172701,S  -  14B,25.8289862,-80.2906061,3,NAVD88,44.5,,,,,,NAD83,19400101,03090206,10.971,N,54,1975-10-07/1984-10-16
254754080180501,F  - 488,25.7987096,-80.3011621,6,NAVD88,62.1,,,,,,NAD83,,03090206,10.985,N,0,
254803080180401,F  - 479,25.8012095,-80.3008843,5,NAVD88,60,,,,,,NAD83,,03090206,11.0,N,0,
254946080172601,G  -3250,25.8296667,-80.2906111,5.7,NGVD29,116,260,112BSCNN,Biscayne Limestone Aquifer,N400BISCYN,,NAD83,,03090202,11.006,N,1152,1994-10-31/2026-08-14
255025080170401,G  -1371,25.8406525,-80.284217,4,NAVD88,48,,,,,,NAD83,19690101,03090206,11.072,N,42,1975-10-07/1982-10-18
254952080171602,S  -  25A,25.8295418,-80.2917173,3,NAVD88,40,,112BSCNN,Biscayne Limestone Aquifer,N400BISCYN,U,NAD83,19730801,03090206,11.099,N,15,1975-10-07/1978-05-03
255005080172301,G  -1369,25.8350971,-80.289495,6.47,NGVD29,56.3,,,,,,NAD83,19690101,03090202,11.194,N,18,1975-10-07/1978-05-03
254926080174501,G  - 575,25.8242642,-80.2956063,4,NAVD88,22.9,,,,,,NAD83,19480428,03090206,11.207,N,21,1978-05-03/1984-10-16
254752080181501,G  -3329,25.7981389,-80.3037778,6.6,NGVD29,54,,112BSCNN,Biscayne Limestone Aquifer,N400BISCYN,U,NAD83,,03090202,11.236,N,0,
254335080170501,G  - 432,25.7266389,-80.28425,11.5,NGVD29,99.5,,112BSCNN,Biscayne Limestone Aquifer,N400BISCYN,U,NAD83,19460323,03090202,11.249,N,1083,1982-02-23/2019-03-07
255006080172501,G  -1280,25.8353749,-80.2900506,6.94,NGVD29,54,,,,,,NAD83,,03090202,11.258,N,18,1976-05-04/1985-05-14
255006080172502,G  -1281,25.8353749,-80.2900506,6.98,NGVD29,13.6,,,,,,NAD83,,03090202,11.258,N,21,1976-05-04/1985-05-14
254914080175301,G  -1372,25.820931,-80.2978286,6.63,NGVD29,41.5,,112BSCNN,Biscayne Limestone Aquifer,N400BISCYN,,NAD83,19690101,03090202,11.276,N,72,1975-10-07/1995-04-25
254857080180001,F  - 411,25.816209,-80.2997731,3,NAVD88,56.3,,112BSCNN,Biscayne Limestone Aquifer,N400BISCYN,,NAD83,,03090206,11.286,N,69,1975-10-07/1995-04-25
254937080174801,S  -  20B,25.8273197,-80.2964396,3,NAVD88,42,,112BSCNN,Biscayne Limestone Aquifer,N400BISCYN,U,NAD83,,03090206,11.42,N,27,1976-05-04/1981-05-12
254843080180901,F  - 410,25.8150979,-80.3022732,3,NAVD88,61,,112BSCNN,Biscayne Limestone Aquifer,N400BISCYN,,NAD83,,03090206,11.488,N,0,
255315080111501,F  - 279,25.888275,-80.1874056,7.5,NGVD29,117,,112BSCNN,Biscayne Limestone Aquifer,N400BISCYN,U,NAD83,,03090202,11.495,N,0,
254843080181501,F  - 398,25.8123202,-80.3039399,4,NAVD88,48.3,,112BSCNN,Biscayne Limestone Aquifer,N400BISCYN,,NAD83,,03090206,11.563,N,0,
255012080173902,F  - 440A,25.8370415,-80.2939395,5,NAVD88,45.2,,,,,,NAD83,,03090206,11.687,N,3,1976-10-05/1976-10-05
255526080143002,S  -  18B,25.8295418,-80.2986619,3,NAVD88,45,,,,,,NAD83,19730725,03090206,11.725,N,42,1975-10-07/1984-10-16
254937080180301,S  -  22A,25.8273197,-80.3006064,3,NAVD88,9.3,,,,,,NAD83,19490523,03090206,11.801,N,0,
254341080174001,G  -3606,25.72825,-80.2929167,13.4,NGVD29,120,120,112BSCNN,Biscayne Limestone Aquifer,N400BISCYN,U,NAD83,19950624,03090202,11.872,N,531,1996-10-17/2026-07-28
254945080180302,S  -  19A,25.8295418,-80.3006064,3,NAVD88,,,112BSCNN,Biscayne Limestone Aquifer,N400BISCYN,U,NAD83,,03090206,11.901,N,0,
254454080182201,F  - 474,25.7487114,-80.3058846,5,NAVD88,48,,112BSCNN,Biscayne Limestone Aquifer,N400BISCYN,,NAD83,,03090206,12.05,N,0,
254950080180801,G  -   3,25.8308333,-80.3018889,6.2,NGVD29,9.5,,112BSCNN,Biscayne Limestone Aquifer,N400BISCYN,,NAD83,19400201,03090202,12.078,N,0,
254151080155802,G  - 254A,25.6978797,-80.2658839,14,NAVD88,16,,,,,,NAD83,,03090206,12.16,N,0,
254940080181802,G  - 440A,25.828153,-80.3047732,3,NAVD88,10.4,,112BSCNN,Biscayne Limestone Aquifer,N400BISCYN,,NAD83,19611101,03090206,12.221,N,0,
254953080181801,S  -   9A,25.831764,-80.3047732,3,NAVD88,45.3,,112BSCNN,Biscayne Limestone Aquifer,N400BISCYN,,NAD83,,03090206,12.384,N,0,
255350080105801,G  - 894,25.8976944,-80.1825556,8.70,NGVD29,76,,112BSCNN,Biscayne Limestone Aquifer,N400BISCYN,,NAD83,19590101,03090202,12.571,N,0,
255011080181601,G  -1373,25.8367638,-80.3042176,4,NAVD88,39.5,,,,,,NAD83,19690101,03090206,12.577,N,0,
255357080114201,G  - 430,25.899539,-80.1947696,4,NAVD88,97.5,,112BSCNN,Biscayne Limestone Aquifer,N400BISCYN,U,NAD83,19460301,03090206,12.738,N,0,
255358080114102,G  -3601I,25.900175,-80.194775,6.62,NGVD29,105,151,112BSCNN,Biscayne Limestone Aquifer,N400BISCYN,U,NAD83,20151112,03090202,12.809,N,0,
255358080114103,G  -3601S,25.9001889,-80.1947944,6.83,NGVD29,75,80,112BSCNN,Biscayne Limestone Aquifer,N400BISCYN,U,NAD83,20160926,03090202,12.81,N,0,
255358080114101,G  -3601D,25.9001972,-80.1948278,7.15,NGVD29,190.0,190.0,112BSCNN,Biscayne Limestone Aquifer,N400BISCYN,U,NAD83,19950912,03090202,12.811,N,0,
254958080183501,G  -3019,25.8331528,-80.3094955,3,NAVD88,46.6,,,,,,NAD83,,03090206,12.878,N,0,
254201080173001,G  - 901,25.7008333,-80.2817778,6.28,NAVD88,96,,112BSCNN,Biscayne Limestone Aquifer,N400BISCYN,,NAD83,,03090202,12.944,N,1152,1975-10-06/2023-09-12
254217080171801,F  - 319,25.705139,-80.287806,12.5,NGVD29,20.0,20.0,112BSCNN,Biscayne Limestone Aquifer,N400BISCYN,U,NAD83,,03090202,13.037,N,969,1940-01-11/2026-06-30
254958080184201,G  -3020,25.8331528,-80.31144,4,NAVD88,43.9,,,,,,NAD83,,03090206,13.055,N,0,
254238080174001,G  - 581A,25.7109349,-80.2942179,8,NAVD88,100,,112BSCNN,Biscayne Limestone Aquifer,N400BISCYN,,NAD83,,03090202,13.1,N,39,1977-10-03/1983-05-16
254143080164501,G  -1015,25.6956576,-80.2789399,8.40,NGVD29,10.8,,,,,,NAD83,19590101,03090202,13.178,N,0,
255415080114401,G -5006D,25.9041528,-80.1955389,5.99,NAVD88,205,205,112BSCNN,Biscayne Limestone Aquifer,N400BISCYN,U,NAD83,20190911,03090202,13.253,N,0,
255415080114402,G -5006S,25.9041528,-80.1955389,5.99,NAVD88,75,205,112BSCNN,Biscayne Limestone Aquifer,N400BISCYN,U,NAD83,20190911,03090202,13.253,N,0,
254123080163802,G  - 176A,25.6901022,-80.2769954,5,NAVD88,32,,112BSCNN,Biscayne Limestone Aquifer,N400BISCYN,,NAD83,19720101,03090206,13.527,N,0,
254250080181001,F  - 473,25.7142682,-80.3025514,12.81,NGVD29,48,,112BSCNN,Biscayne Limestone Aquifer,N400BISCYN,,NAD83,,03090202,13.54,N,0,
254156080172101,G  -3607,25.6993056,-80.2893611,9.0,NGVD29,120,120,112BSCNN,Biscayne Limestone Aquifer,N400BISCYN,U,NAD83,19950623,03090202,13.598,N,0,
255024080185801,G  -3232,25.8403748,-80.3158846,6.00,NGVD29,35,35,112BSCNN,Biscayne Limestone Aquifer,N400BISCYN,U,NAD83,19781128,03090202,13.801,N,0,
254213080175002,G  -1016A,25.7039907,-80.2969958,12.83,NGVD29,32,,,,,,NAD83,19720101,03090202,13.809,N,6,1976-10-04/1977-05-02
255013080190701,G  -3056,25.8373194,-80.3183846,6,NAVD88,10,,,,,,NAD83,19730101,03090202,13.879,N,0,
255013080190705,F  - 491,25.8373194,-80.3183846,4.66,NGVD29,51,,,,,,NAD83,,03090202,13.879,N,0,
254125080170801,G  -3159,25.6906578,-80.2853289,10.00,NGVD29,120,,,,,,NAD83,,03090202,14.018,N,0,
255437080103201,G  - 852,25.9107222,-80.1751667,6.5,NGVD29,20,,112BSCNN,Biscayne Limestone Aquifer,N400BISCYN,,NAD83,,03090202,14.087,N,0,
254107080165201,G  - 896,25.6860833,-80.2806667,6.3,NGVD29,74,,112BSCNN,Biscayne Limestone Aquifer,N400BISCYN,,NAD83,,03090202,14.106,N,0,
254118080171201,G  -1532,25.6887134,-80.2864401,5,NAVD88,33,,,,,,NAD83,19710101,03090206,14.254,N,0,
254134080173402,G  -1014A,25.6931577,-80.2925513,7.00,NGVD29,32,,112BSCNN,Biscayne Limestone Aquifer,N400BISCYN,,NAD83,19720101,03090202,14.308,N,0,
254108080170301,G  - 425A,25.6859357,-80.28394,4.88,NGVD29,80,,,,,,NAD83,19580101,03090202,14.326,N,0,
254108080170302,G  -1002B,25.6859357,-80.28394,6,NAVD88,10.4,,112BSCNN,Biscayne Limestone Aquifer,N400BISCYN,,NAD83,,03090206,14.326,N,0,
254125080173001,G  -1013,25.6906578,-80.2914402,4,NAVD88,14,,112BSCNN,Biscayne Limestone Aquifer,N400BISCYN,,NAD83,,03090206,14.431,N,0,
255453080110801,G -3978,25.9147444,-80.1855556,5.17,NGVD29,270,271,112BSCNN,Biscayne Limestone Aquifer,N400BISCYN,U,NAD83,20160203,03090202,14.444,N,0,
254108080170601,G  -3608,25.6844167,-80.2846111,11.0,NGVD29,100,100,112BSCNN,Biscayne Limestone Aquifer,N400BISCYN,U,NAD83,19950819,03090202,14.499,N,0,
254950080195001,G  -3050,25.8309308,-80.3303294,5.10,NGVD29,11,,,,,,NAD83,19730101,03090202,14.712,N,0,
254950080195002,G  -3051,25.8309308,-80.3303294,5.10,NGVD29,21,,,,,,NAD83,19730101,03090202,14.712,N,0,
254950080195003,G  -3052,25.8309308,-80.3303294,5.10,NGVD29,31,,,,,,NAD83,19730101,03090202,14.712,N,0,
254950080195004,G  -3053,25.8309308,-80.3303294,5.10,NGVD29,41,,,,,,NAD83,19730101,03090202,14.712,N,0,
254950080195005,G  -3054,25.8309308,-80.3303294,5.10,NGVD29,61,,,,,,NAD83,19730101,03090202,14.712,N,0,
254300080190901,G  -1554,25.7170459,-80.3189407,6.79,NGVD29,35,,,,,,NAD83,,03090202,14.746,N,0,
254047080170301,G  -1005,25.6801026,-80.2839401,4.59,NGVD29,14,,,,,,NAD83,,03090202,14.831,N,0,
254130080180402,G  -1012A,25.6920467,-80.3008849,8.00,NGVD29,32,,,,,,NAD83,19720101,03090202,14.99,N,0,
254118080175101,G  -1010,25.6887135,-80.2972737,6.85,NGVD29,14,,112BSCNN,Biscayne Limestone Aquifer,N400BISCYN,,NAD83,19590101,03090202,14.992,N,0,
254023080164702,G  -1000A,25.6737139,-80.2781067,17.01,NGVD29,32,,112BSCNN,Biscayne Limestone Aquifer,N400BISCYN,,NAD83,19720101,03090202,15.055,N,0,
254049080172201,G  -1007,25.6806582,-80.289218,9.67,NGVD29,14,,112BSCNN,Biscayne Limestone Aquifer,N400BISCYN,,NAD83,19590101,03090202,15.115,N,0,
254106080174601,G  -1009B,25.6854889,-80.2959417,10.6,NGVD29,100,,112BSCNN,Biscayne Limestone Aquifer,N400BISCYN,,NAD83,,03090202,15.159,N,0,
254105080174602,G  -1009A,25.6853803,-80.2958848,10.76,NGVD29,32,,112BSCNN,Biscayne Limestone Aquifer,N400BISCYN,,NAD83,19720101,03090202,15.164,N,0,
255515080103601,G  -3948 D,25.9208056,-80.1767222,11.87,NGVD29,273,279,112BSCNN,Biscayne Limestone Aquifer,N400BISCYN,U,NAD83,,03090202,15.183,N,0,
255515080103602,G  -3948 S,25.9208056,-80.1767222,11.87,NGVD29,121.5,279,112BSCNN,Biscayne Limestone Aquifer,N400BISCYN,U,NAD83,,03090202,15.183,N,0,
254950080201205,G  -3049,25.8309308,-80.3364407,5.14,NGVD29,61,,,,,,NAD83,19730101,03090202,15.287,N,0,
254208080190301,G  -1552,25.702602,-80.3172741,5.71,NGVD29,62,,,,,,NAD83,19710101,03090202,15.496,N,0,
254049080174502,G  -1008A,25.6803804,-80.2953293,10.68,NGVD29,32,,112BSCNN,Biscayne Limestone Aquifer,N400BISCYN,,NAD83,19720101,03090202,15.538,N,0,
254018080170002,G  -1001A,25.6720473,-80.2839402,7.52,NGVD29,32,,112BSCNN,Biscayne Limestone Aquifer,N400BISCYN,,NAD83,19720101,03090202,15.545,N,0,
254950080202505,G  -3044,25.8309308,-80.3400519,12.54,NGVD29,61,,,,,,NAD83,19730101,03090202,15.629,N,0,
254332080200803,G  -  39B,25.7259346,-80.33533,7,NAVD88,30,,,,,,NAD83,,03090206,15.74,N,0,
254009080170302,G  -1002A,25.6695474,-80.2839402,4.73,NGVD29,32,,112BSCNN,Biscayne Limestone Aquifer,N400BISCYN,,NAD83,19720101,03090202,15.771,N,0,
254414080203201,G  -1605,25.7376008,-80.3419968,8.60,NGVD29,9.5,,,,,,NAD83,19710101,03090202,15.872,N,0,
254230080193002,G  -1080A,25.7057833,-80.325,11,NAVD88,32,,112BSCNN,Biscayne Limestone Aquifer,N400BISCYN,,NAD83,19720101,03090206,15.928,N,0,
254004080171102,G  -1003A,25.6681586,-80.2861625,10.08,NGVD29,32,,112BSCNN,Biscayne Limestone Aquifer,N400BISCYN,,NAD83,19720101,03090202,16.026,N,0,
253958080170302,G  -1004A,25.666492,-80.2839402,7.94,NGVD29,32,,112BSCNN,Biscayne Limestone Aquifer,N400BISCYN,,NAD83,19720101,03090202,16.048,N,0,
254228080194301,F  - 472,25.7081574,-80.3283855,13,NAVD88,50.4,,,,,,NAD83,,03090206,16.07,N,0,
254005080171601,G  -3609,25.6682222,-80.2878056,14.8,NGVD29,85,85,112BSCNN,Biscayne Limestone Aquifer,N400BISCYN,U,NAD83,19950918,03090202,16.117,N,0,
254229080194601,G  -1079,25.7084351,-80.3292188,11.52,NGVD29,20,,112BSCNN,Biscayne Limestone Aquifer,N400BISCYN,,NAD83,,03090202,16.124,N,0,
254251080200401,G  -1070,25.7145461,-80.3342189,10,NAVD88,20,,,,,,NAD83,,03090206,16.212,N,0,
255526080143001,S  -  18,25.9246389,-80.2417222,9.1,NGVD29,52,,112BSCNN,Biscayne Limestone Aquifer,N400BISCYN,,NAD83,19390101,03090202,16.29,N,0,
254103080184102,G  -1011A,25.684547,-80.311163,13.01,NGVD29,32,,112BSCNN,Biscayne Limestone Aquifer,N400BISCYN,,NAD83,19720101,03090202,16.311,N,0,
254340080203601,G  -3563,25.7282778,-80.3435556,8.80,NGVD29,18.1,,112BSCNN,Biscayne Limestone Aquifer,N400BISCYN,U,NAD83,,03090202,16.39,N,0,
254233080200001,G  -1072,25.7095462,-80.3331078,13.45,NGVD29,20,,,,,,NAD83,,03090202,16.392,N,0,
254228080195602,G  -1076A,25.7076833,-80.33245,8.67,NGVD29,32,,,,,,NAD83,19720101,03090202,16.443,N,0,
254208080194902,G  -1077A,25.702602,-80.3300522,9.08,NGVD29,32,,,,,,NAD83,19720101,03090202,16.545,N,0,
254233080200701,G  -3416,25.7095462,-80.3350523,11.81,NGVD29,,,112BSCNN,Biscayne Limestone Aquifer,N400BISCYN,,NAD83,19821201,03090202,16.56,N,0,
254233080200702,G  -3417,25.7095462,-80.3350523,12.03,NGVD29,,,112BSCNN,Biscayne Limestone Aquifer,N400BISCYN,,NAD83,19821201,03090202,16.56,N,0,
254215080195402,G  -1078A,25.7042833,-80.3316,8.20,NGVD29,32,,112BSCNN,Biscayne Limestone Aquifer,N400BISCYN,,NAD83,19720101,03090202,16.573,N,0,
254232080200701,G  -3418,25.7092685,-80.3350523,12.18,NGVD29,,,112BSCNN,Biscayne Limestone Aquifer,N400BISCYN,,NAD83,19821201,03090202,16.576,N,0,
254232080200702,G  -3419,25.7092685,-80.3350523,12.23,NGVD29,,,112BSCNN,Biscayne Limestone Aquifer,N400BISCYN,,NAD83,19821201,03090202,16.576,N,0,
254232080200703,G  -3420,25.7092685,-80.3350523,12.21,NGVD29,,,112BSCNN,Biscayne Limestone Aquifer,N400BISCYN,,NAD83,19821201,03090202,16.576,N,0,
254233080200802,G  -1071A,25.7095462,-80.3353301,12.52,NGVD29,32,,,,,,NAD83,19720101,03090202,16.584,N,0,
254231080200701,G  -3421,25.7089907,-80.3350523,12.40,NGVD29,,,112BSCNN,Biscayne Limestone Aquifer,N400BISCYN,,NAD83,19821201,03090202,16.592,N,0,
254231080200702,G  -3422,25.7089907,-80.3350523,12.69,NGVD29,,,112BSCNN,Biscayne Limestone Aquifer,N400BISCYN,,NAD83,19821201,03090202,16.592,N,0,
254231080200703,G  -3423,25.7089907,-80.3350523,12.93,NGVD29,14,,112BSCNN,Biscayne Limestone Aquifer,N400BISCYN,,NAD83,19821201,03090202,16.592,N,0,
254232080200801,G  -3424,25.7092685,-80.3353301,12.48,NGVD29,,,112BSCNN,Biscayne Limestone Aquifer,N400BISCYN,,NAD83,19821201,03090202,16.6,N,0,
254232080200802,G  -3425,25.7092685,-80.3353301,12.22,NGVD29,,,112BSCNN,Biscayne Limestone Aquifer,N400BISCYN,,NAD83,19821201,03090202,16.6,N,0,
254225080201501,G  - 628,25.7091667,-80.3352778,11.95,NGVD29,60.5,,,,,,NAD83,,03090202,16.601,N,0,
254215080200801,G  -1075A,25.7058833,-80.33335,8,NAVD88,32,,112BSCNN,Biscayne Limestone Aquifer,N400BISCYN,U,NAD83,,03090206,16.625,N,0,
254215080200802,G  -1075,25.7059352,-80.3333856,9.87,NGVD29,32,,,,,,NAD83,19720101,03090202,16.625,N,0,
254226080200702,G  -3431,25.7076019,-80.3350523,15.96,NGVD29,,,112BSCNN,Biscayne Limestone Aquifer,N400BISCYN,,NAD83,19821201,03090202,16.671,N,0,
254232080201101,G  -3426,25.7092685,-80.3361635,11.55,NGVD29,,,112BSCNN,Biscayne Limestone Aquifer,N400BISCYN,,NAD83,19821201,03090202,16.672,N,0,
254227080200801,G  -1067,25.7078796,-80.3353301,12,NAVD88,12.7,,,,,,NAD83,,03090206,16.679,N,0,
254232080201201,G  -3427,25.7092685,-80.3364412,12.26,NGVD29,,,112BSCNN,Biscayne Limestone Aquifer,N400BISCYN,,NAD83,19821201,03090202,16.696,N,0,
254223080200702,G  -3432,25.7067686,-80.3350523,15.77,NGVD29,,,112BSCNN,Biscayne Limestone Aquifer,N400BISCYN,,NAD83,19821201,03090202,16.719,N,0,
254232080201301,G  -3428,25.7092685,-80.336719,10.73,NGVD29,,,112BSCNN,Biscayne Limestone Aquifer,N400BISCYN,,NAD83,19821201,03090202,16.72,N,0,
254002080174701,"G  -5014D Miami-Dade County, FL",25.667225,-80.296389,5.6,NAVD88,126.0,146.0,112BSCNN,Biscayne Limestone Aquifer,N400BISCYN,,NAD83,,,16.727,N,0,
254002080174702,"G  -5014S Miami-Dade County, FL",25.667225,-80.296389,5.6,NAVD88,108.0,146.0,112BSCNN,Biscayne Limestone Aquifer,N400BISCYN,,NAD83,,030902061500,16.727,N,0,
254230080201201,G  -3430,25.7087129,-80.3364413,11.14,NGVD29,15,,112BSCNN,Biscayne Limestone Aquifer,N400BISCYN,,NAD83,19821201,03090202,16.727,N,0,
254207080200303,G  - 595B,25.7023243,-80.3339412,9.75,NGVD29,19.60,,112BSCNN,Biscayne Limestone Aquifer,N400BISCYN,U,NAD83,19690606,03090202,16.888,N,0,
255600080092401,G  -1047,25.9337043,-80.1564349,9.82,NGVD29,14.4,,112BSCNN,Biscayne Limestone Aquifer,N400BISCYN,,NAD83,19600101,03090202,16.924,N,0,
254215080201503,G  -1074B,25.7049444,-80.3365833,11.13,NGVD29,39,45,112BSCNN,Biscayne Limestone Aquifer,N400BISCYN,U,NAD83,,03090202,16.956,N,0,
253948080174201,G  -3996,25.6634528,-80.2948667,13.11,NGVD29,130.17,142,112BSCNN,Biscayne Limestone Aquifer,N400BISCYN,U,NAD83,,03090202,16.965,N,0,
254215080201402,G  -3433,25.7045464,-80.3369968,10.45,NGVD29,,,112BSCNN,Biscayne Limestone Aquifer,N400BISCYN,,NAD83,19821201,03090202,17.014,N,0,
254657080214401,G  -3568,25.7825278,-80.3624167,7.8,NGVD29,16.8,,112BSCNN,Biscayne Limestone Aquifer,N400BISCYN,U,NAD83,,03090202,17.015,N,0,
254215080201502,G  -1074A,25.7045464,-80.3372746,10.18,NGVD29,32,,,,,,NAD83,19720101,03090202,17.038,N,0,
254220080201902,G  - 884A,25.7059353,-80.3383858,8.71,NGVD29,32,,112BSCNN,Biscayne Limestone Aquifer,N400BISCYN,,NAD83,19720101,03090202,17.052,N,0,
254020080183101,G  -1604A,25.672603,-80.3083852,7.77,NGVD29,91.5,,112BSCNN,Biscayne Limestone Aquifer,N400BISCYN,,NAD83,,03090202,17.057,N,0,
254157080200302,G  -1367,25.6995466,-80.3339412,8,NAVD88,41.6,,,,,,NAD83,19690101,03090202,17.058,N,0,
254213080201502,G  -3434,25.7039909,-80.3372746,9.75,NGVD29,,,112BSCNN,Biscayne Limestone Aquifer,N400BISCYN,,NAD83,19821201,03090202,17.07,N,0,
254000080181002,G  - 580A,25.6670944,-80.3025639,9.5,NGVD29,22,,112BSCNN,Biscayne Limestone Aquifer,N400BISCYN,,NAD83,19600101,03090202,17.13,N,0,
254000080181001,G  - 580,25.6670476,-80.3025518,9.20,NGVD29,99.5,,112BSCNN,Biscayne Limestone Aquifer,N400BISCYN,,NAD83,19490607,03090202,17.133,N,0,
254948080212301,G  -3030,25.8303753,-80.3561634,5.45,NGVD29,11,,,,,,NAD83,,03090202,17.143,N,0,
254948080212303,G  -3032,25.8303753,-80.3561634,5.45,NGVD29,31,,,,,,NAD83,19730101,03090202,17.143,N,0,
254948080212304,G  -3033,25.8303753,-80.3561634,5.45,NGVD29,41,,,,,,NAD83,19730101,03090202,17.143,N,0,
254948080212305,G  -3034,25.8303753,-80.3561634,5.45,NGVD29,61,,,,,,NAD83,19730101,03090202,17.143,N,0,
255610080092301,G  -1049,25.936482,-80.1561572,7.27,NGVD29,17.5,,,,,,NAD83,19600101,03090202,17.232,N,0,
254357080212002,F  - 469A,25.7328788,-80.3553305,7,NAVD88,48,,112BSCNN,Biscayne Limestone Aquifer,N400BISCYN,,NAD83,,03090206,17.306,N,0,
254141080200301,G  -1366,25.6951023,-80.3339413,8,NAVD88,31,,,,,,NAD83,19690101,03090202,17.339,N,0,
254200080201801,G  - 881,25.7003799,-80.338108,9.01,NGVD29,20,,112BSCNN,Biscayne Limestone Aquifer,N400BISCYN,,NAD83,,03090202,17.356,N,0,
254205080202301,G  -1598,25.7017694,-80.3394694,5.24,NGVD29,93,,,,,,NAD83,19710101,03090202,17.388,N,0,
254153080201801,G  - 880,25.6984355,-80.338108,8.67,NGVD29,20,,,,,,NAD83,,03090202,17.474,N,0,
254733080220204,G  -3398A,25.7928767,-80.3669972,5,NAVD88,10,,112BSCNN,Biscayne Limestone Aquifer,N400BISCYN,U,NAD83,,03090206,17.493,N,0,
254132080200301,G  -1553,25.6926024,-80.3339413,11.60,NGVD29,150,,,,,,NAD83,,03090202,17.5,N,0,
253958080183001,G  -3157,25.6664921,-80.3081075,8.00,NGVD29,110,,112BSCNN,Biscayne Limestone Aquifer,N400BISCYN,,NAD83,,03090202,17.543,N,0,
254129080200301,G  -1365,25.6917691,-80.3339413,4,NAVD88,32,,,,,,NAD83,19690101,03090202,17.555,N,0,
255625080094901,G  -3705,25.9406667,-80.1632,9.1,NGVD29,135,137,112BSCNN,Biscayne Limestone Aquifer,N400BISCYN,U,NAD83,,03090202,17.556,N,0,
253924080174601,G  -3887A,25.6568611,-80.2963333,10.45,NGVD29,130,139,112BSCNN,Biscayne Limestone Aquifer,N400BISCYN,U,NAD83,20090721,03090202,17.641,N,0,
253924080174602,G  -3887B,25.6568611,-80.2963333,10.45,NGVD29,74,139,112BSCNN,Biscayne Limestone Aquifer,N400BISCYN,U,NAD83,20090721,03090202,17.641,N,0,
255626080093201,G  -3600,25.9409263,-80.1586572,9.2,NGVD29,200,200,112BSCNN,Biscayne Limestone Aquifer,N400BISCYN,U,NAD83,19950818,03090202,17.666,N,0,
254019080190201,G  -1604,25.6723252,-80.3169965,9.34,NGVD29,62,,112BSCNN,Biscayne Limestone Aquifer,N400BISCYN,,NAD83,,03090202,17.678,N,0,
254209080204101,G  - 878,25.7028798,-80.344497,7.98,NGVD29,20,,112BSCNN,Biscayne Limestone Aquifer,N400BISCYN,,NAD83,,03090202,17.752,N,0,
255639080100401,G -5007D,25.944067,-80.167672,12.0,NAVD88,289.5,347.0,112BSCNN,Biscayne Limestone Aquifer,N400BISCYN,U,NAD83,20191119,03090202,17.861,N,0,
255639080100402,G -5007S,25.9440667,-80.1676722,12,NAVD88,289.5,347,112BSCNN,Biscayne Limestone Aquifer,N400BISCYN,U,NAD83,20191119,03090202,17.861,N,0,
254155080204001,G  -1599,25.6989911,-80.3442193,9.68,NGVD29,92,,112BSCNN,Biscayne Limestone Aquifer,N400BISCYN,,NAD83,19710101,03090202,17.955,N,0,
254230080210302,G  - 877A,25.708713,-80.3506083,7.81,NGVD29,32,,112BSCNN,Biscayne Limestone Aquifer,N400BISCYN,,NAD83,19720101,03090202,17.964,N,0,
255637080093801,G  -1055,25.9439817,-80.1603239,8.06,NGVD29,17.3,,112BSCNN,Biscayne Limestone Aquifer,N400BISCYN,,NAD83,19600101,03090202,17.969,N,0,
254253080211701,G  -1555,25.7151017,-80.3544972,7.99,NGVD29,35,,112BSCNN,Biscayne Limestone Aquifer,N400BISCYN,,NAD83,,03090202,17.99,N,0,
254725080222501,G  -3397A,25.7906546,-80.3733863,3,NAVD88,10,,112BSCNN,Biscayne Limestone Aquifer,N400BISCYN,U,NAD83,,03090206,18.121,N,0,
254725080222502,G  -3397B,25.7906546,-80.3733863,3,NAVD88,15,,112BSCNN,Biscayne Limestone Aquifer,N400BISCYN,U,NAD83,,03090206,18.121,N,0,
255641080092501,G  -1358,25.9450928,-80.1567127,10.00,NGVD29,87,,,,,,NAD83,19680101,03090202,18.158,N,0,
254139080204301,G  -1599A,25.6945468,-80.3450527,9.70,NGVD29,60,,112BSCNN,Biscayne Limestone Aquifer,N400BISCYN,,NAD83,19720101,03090202,18.293,N,0,
254057080201001,G  -1564,25.6828805,-80.3358858,12.90,NGVD29,35,,,,,,NAD83,,03090202,18.309,N,0,
254948080221301,G  -3025,25.8303753,-80.3700527,6.00,NGVD29,5.6,,,,,,NAD83,19730101,03090202,18.476,N,0,
254948080221302,G  -3026,25.8303753,-80.3700527,5.60,NGVD29,61,,,,,,NAD83,19730101,03090202,18.476,N,0,
254948080221303,G  -3027,25.8303753,-80.3700527,5.61,NGVD29,11,,,,,,NAD83,19730101,03090202,18.476,N,0,
254948080221304,G  -3028,25.8303753,-80.3700527,5.61,NGVD29,31,,,,,,NAD83,19730101,03090202,18.476,N,0,
254948080221305,G  -3029,25.8303753,-80.3700527,5.61,NGVD29,41,,,,,,NAD83,19730101,03090202,18.476,N,0,
253844080174401,G  -1533,25.6459372,-80.2953295,9,NAVD88,32.5,,,,,,NAD83,19710101,03090206,18.58,N,0,
255344080195600,G  -1166R,25.89575,-80.332111,7.5,NGVD29,18.0,,112BSCNN,Biscayne Limestone Aquifer,N400BISCYN,,NAD83,,03090202,18.624,N,0,
255209080212801,G  - 973,25.8696389,-80.3554444,6.9,NGVD29,15,,112BSCNN,Biscayne Limestone Aquifer,N400BISCYN,,NAD83,,03090202,18.829,N,0,
254134080210301,I  -   1,25.693158,-80.3506084,10.00,NGVD29,2947,,,,,,NAD83,19690101,03090202,18.844,N,0,
253853080181501,G  -1534,25.6484371,-80.3039408,6,NAVD88,34,,,,,,NAD83,19710101,03090206,18.847,N,0,
253917080184901,F  - 466,25.6551036,-80.3133855,9,NAVD88,,,112BSCNN,Biscayne Limestone Aquifer,N400BISCYN,U,NAD83,,03090206,18.849,N,0,
255030080221401,G  -3264AR,25.8420556,-80.3705278,7.7,NGVD29,30,,112BSCNN,Biscayne Limestone Aquifer,N400BISCYN,U,NAD83,20060712,03090202,18.916,N,0,
255027080221601,G  -3264,25.8412083,-80.370886,3,NAVD88,20,20,112BSCNN,Biscayne Limestone Aquifer,N400BISCYN,U,NAD83,19830518,03090206,18.919,N,0,
255027080221602,G  -3264A,25.8412083,-80.370886,5.03,NGVD29,50,52,112BSCNN,Biscayne Limestone Aquifer,N400BISCYN,U,NAD83,19830518,03090202,18.919,N,0,
254158080212201,G  -3882,25.6995694,-80.3561944,7.56,NGVD29,90.40,91,112BSCNN,Biscayne Limestone Aquifer,N400BISCYN,U,NAD83,20100219,03090202,18.949,N,0,
254158080212202,G  -3916,25.6995694,-80.3562222,7.83,NGVD29,77.3,78,112BSCNN,Biscayne Limestone Aquifer,N400BISCYN,U,NAD83,,03090202,18.951,N,0,
254158080212203,G  -3917,25.6995694,-80.35625,7.54,NGVD29,43.9,45,112BSCNN,Biscayne Limestone Aquifer,N400BISCYN,U,NAD83,,03090202,18.954,N,0,
254158080212204,G  -3918,25.6995694,-80.3562778,5.94,NAVD88,18.3,19,112BSCNN,Biscayne Limestone Aquifer,N400BISCYN,U,NAD83,,03090202,18.956,N,0,
254157080212501,G  -3288,25.6995467,-80.3567196,5,NAVD88,22,,112BSCNN,Biscayne Limestone Aquifer,N400BISCYN,U,NAD83,,03090206,18.996,N,0,
254157080212502,G  -3288A,25.6995467,-80.3567196,5,NAVD88,21,,112BSCNN,Biscayne Limestone Aquifer,N400BISCYN,U,NAD83,,03090206,18.996,N,0,
254127080210502,G  -1599B,25.6912136,-80.351164,6.11,NGVD29,32,,112BSCNN,Biscayne Limestone Aquifer,N400BISCYN,,NAD83,19720101,03090202,19.008,N,0,
254218080214101,G  -3924,25.7048889,-80.3613333,7.70,NGVD29,60.24,,112BSCNN,Biscayne Limestone Aquifer,N400BISCYN,U,NAD83,,03090202,19.113,N,0,
254218080214102,G  -3925,25.7048889,-80.3613361,7.70,NGVD29,30.,,112BSCNN,Biscayne Limestone Aquifer,N400BISCYN,U,NAD83,,03090202,19.113,N,0,
253831080180204,G  -3313C,25.6430833,-80.3013333,12.4,NGVD29,110,110,112BSCNN,Biscayne Limestone Aquifer,N400BISCYN,U,NAD83,19831011,03090202,19.181,N,0,
253831080180201,G  -3313,25.6423262,-80.3003297,12,NAVD88,9,230,112BSCNN,Biscayne Limestone Aquifer,N400BISCYN,U,NAD83,19831007,03090206,19.193,N,0,
253831080180206,G  -3313E,25.6428889,-80.3013056,12.7,NGVD29,114,114,112BSCNN,Biscayne Limestone Aquifer,N400BISCYN,U,NAD83,19840925,03090202,19.197,N,0,
254155080213501,S  -3011,25.6983667,-80.3583028,8.2,NGVD29,133,,112BSCNN,Biscayne Limestone Aquifer,N400BISCYN,U,NAD83,19750614,03090202,19.199,N,0,
254157080213502,G  -3287A,25.6995333,-80.3595833,7.15,NGVD29,60,,112BSCNN,Biscayne Limestone Aquifer,N400BISCYN,U,NAD83,,03090202,19.245,N,0,
254157080213501,G  -3287,25.6995333,-80.3596,7.12,NGVD29,23,,112BSCNN,Biscayne Limestone Aquifer,N400BISCYN,U,NAD83,,03090202,19.247,N,0,
254155080243501,G  -3881,25.6988611,-80.3597222,7.26,NGVD29,95.2,96.0,112BSCNN,Biscayne Limestone Aquifer,N400BISCYN,U,NAD83,20100303,03090202,19.294,N,0,
254155080243502,G  -3913,25.6988611,-80.35975,7.44,NGVD29,75.1,76,112BSCNN,Biscayne Limestone Aquifer,N400BISCYN,U,NAD83,,03090202,19.297,N,0,
254155080243503,G  -3914,25.6988611,-80.3597778,7.19,NGVD29,60.4,61,112BSCNN,Biscayne Limestone Aquifer,N400BISCYN,U,NAD83,20100322,03090202,19.299,N,0,
254155080243504,G  -3915,25.6988611,-80.3598056,7.19,NGVD29,17.8,18.5,112BSCNN,Biscayne Limestone Aquifer,N400BISCYN,U,NAD83,,03090202,19.302,N,0,
254157080214003,S  -3012,25.6993722,-80.36025,7.90,NGVD29,132,,112BSCNN,Biscayne Limestone Aquifer,N400BISCYN,U,NAD83,19750614,03090202,19.312,N,0,
254157080213901,G  -3286,25.6995467,-80.3606086,4,NAVD88,21,,112BSCNN,Biscayne Limestone Aquifer,N400BISCYN,U,NAD83,,03090206,19.334,N,0,
254157080213902,G  -3286A,25.6995467,-80.3606086,4,NAVD88,60,,112BSCNN,Biscayne Limestone Aquifer,N400BISCYN,U,NAD83,,03090206,19.334,N,0,
254157080213802,G  -3921,25.6992222,-80.3606389,8.28,NGVD29,60.0,,112BSCNN,Biscayne Limestone Aquifer,N400BISCYN,U,NAD83,,03090202,19.354,N,0,
254749080230801,G  -3106,25.797321,-80.385331,5,NAVD88,62,62,112BSCNN,Biscayne Limestone Aquifer,N400BISCYN,U,NAD83,19760202,03090206,19.354,N,0,
254157080214001,G  -3073,25.6995467,-80.3608864,4,NAVD88,20,,112BSCNN,Biscayne Limestone Aquifer,N400BISCYN,,NAD83,,03090206,19.358,N,0,
254157080213801,G  -3920,25.6992222,-80.3606944,8.22,NGVD29,30.0,,112BSCNN,Biscayne Limestone Aquifer,N400BISCYN,U,NAD83,,03090202,19.359,N,0,
254157080214002,G  -3074,25.6990972,-80.3606306,5.0,NGVD29,40,,112BSCNN,Biscayne Limestone Aquifer,N400BISCYN,U,NAD83,,03090202,19.36,N,0,
254155080214301,G  -3289,25.6986833,-80.3605,3,NAVD88,60,,112BSCNN,Biscayne Limestone Aquifer,N400BISCYN,U,NAD83,,03090206,19.372,N,0,
254155080214302,G  -3290,25.6987,-80.3605167,3,NAVD88,13,,112BSCNN,Biscayne Limestone Aquifer,N400BISCYN,U,NAD83,,03090206,19.372,N,0,
254154080213704,G  -3880,25.6985139,-80.3604444,8.13,NGVD29,14.1,107,112BSCNN,Biscayne Limestone Aquifer,N400BISCYN,U,NAD83,,03090202,19.376,N,0,
254154080213701,G  -3912,25.6985139,-80.3604722,8.23,NGVD29,87.7,89,112BSCNN,Biscayne Limestone Aquifer,N400BISCYN,U,NAD83,20100211,03090202,19.379,N,0,
254154080213702,G  -3910,25.6985139,-80.3605,8.27,NGVD29,78.2,80,112BSCNN,Biscayne Limestone Aquifer,N400BISCYN,U,NAD83,,03090202,19.381,N,0,
254154080213703,G  -3911,25.6985139,-80.3605278,8.07,NGVD29,62.5,64,,,,U,NAD83,,03090202,19.384,N,0,
254154080214401,G  -3291,25.6985667,-80.3606,3,NAVD88,16,,112BSCNN,Biscayne Limestone Aquifer,N400BISCYN,U,NAD83,,03090206,19.387,N,0,
254138080212801,G  -3926,25.6939167,-80.3576389,6.91,NGVD29,60.0,,112BSCNN,Biscayne Limestone Aquifer,N400BISCYN,U,NAD83,,03090202,19.395,N,0,
254138080212802,G  -3927,25.6939167,-80.3576417,6.91,NGVD29,30.13,,112BSCNN,Biscayne Limestone Aquifer,N400BISCYN,U,NAD83,,03090202,19.395,N,0,
254156080214101,G  -3285,25.6992689,-80.3611642,3,NAVD88,60,,112BSCNN,Biscayne Limestone Aquifer,N400BISCYN,U,NAD83,,03090206,19.397,N,0,
254156080214102,G  -3285A,25.6992689,-80.3611642,3,NAVD88,23,,112BSCNN,Biscayne Limestone Aquifer,N400BISCYN,U,NAD83,,03090206,19.397,N,0,
254156080214002,G  -3923,25.699,-80.3612778,8.20,NGVD29,60.0,,112BSCNN,Biscayne Limestone Aquifer,N400BISCYN,U,NAD83,,03090202,19.422,N,0,
254156080214201,G  -3284,25.6992689,-80.361442,3,NAVD88,60,,112BSCNN,Biscayne Limestone Aquifer,N400BISCYN,U,NAD83,,03090206,19.422,N,0,
254156080214202,G  -3284A,25.6992689,-80.361442,3,NAVD88,21,,112BSCNN,Biscayne Limestone Aquifer,N400BISCYN,U,NAD83,,03090206,19.422,N,0,
254156080214203,G  -3284B,25.6992689,-80.361442,3,NAVD88,22,,112BSCNN,Biscayne Limestone Aquifer,N400BISCYN,U,NAD83,,03090206,19.422,N,0,
255732080104301,G  -1059,25.959259,-80.17838,9.06,NGVD29,10.7,,,,,,NAD83,19600101,03090202,19.428,N,0,
254156080214001,G  -3922,25.6989444,-80.3613333,8.20,NGVD29,30.0,,112BSCNN,Biscayne Limestone Aquifer,N400BISCYN,U,NAD83,,03090202,19.43,N,0,
254154080214101,S  -3013,25.6989056,-80.3613556,7.50,NGVD29,132,,112BSCNN,Biscayne Limestone Aquifer,N400BISCYN,U,NAD83,19750614,03090202,19.434,N,0,
254153080213902,G  -3907,25.6982361,-80.3611,7.12,NGVD29,74.6,75,112BSCNN,Biscayne Limestone Aquifer,N400BISCYN,U,NAD83,,03090202,19.449,N,0,
254153080213903,G  -3908,25.6982361,-80.3611028,7.24,NGVD29,56.6,57,112BSCNN,Biscayne Limestone Aquifer,N400BISCYN,U,NAD83,,03090202,19.449,N,0,
254153080213904,G  -3909,25.6982361,-80.3611056,7.20,NGVD29,39.1,40,112BSCNN,Biscayne Limestone Aquifer,N400BISCYN,U,NAD83,,03090202,19.449,N,0,
254153080213901,G  -3879,25.6981944,-80.3610972,7.15,NGVD29,94.1,101,112BSCNN,Biscayne Limestone Aquifer,N400BISCYN,U,NAD83,20091228,03090202,19.451,N,0,
254156080214601,S  -3014,25.6988778,-80.3618111,8.20,NGVD29,132,,112BSCNN,Biscayne Limestone Aquifer,N400BISCYN,U,NAD83,19750614,03090202,19.475,N,0,
254151080214301,G  -3878,25.6977083,-80.3620139,7.13,NGVD29,80.5,101.0,112BSCNN,Biscayne Limestone Aquifer,N400BISCYN,U,NAD83,20100112,03090202,19.557,N,0,
254151080214302,G  -3904,25.6977083,-80.3620167,7.16,NGVD29,72.3,73,112BSCNN,Biscayne Limestone Aquifer,N400BISCYN,U,NAD83,20100129,03090202,19.557,N,0,
254151080214303,G  -3905,25.6977083,-80.3620194,7.06,NGVD29,33.6,35,112BSCNN,Biscayne Limestone Aquifer,N400BISCYN,U,NAD83,20100119,03090202,19.558,N,0,
254151080214304,G  -3906,25.6977083,-80.3620222,7.08,NGVD29,14.4,15,112BSCNN,Biscayne Limestone Aquifer,N400BISCYN,U,NAD83,,03090202,19.558,N,0,
255733080195601,G  -3949 D,25.959275,-80.1656944,12.3,NGVD29,325,349,112BSCNN,Biscayne Limestone Aquifer,N400BISCYN,U,NAD83,,03090202,19.563,N,0,
255733080195602,G  -3949 I,25.959275,-80.1656944,12.3,NGVD29,150.8,349,112BSCNN,Biscayne Limestone Aquifer,N400BISCYN,U,NAD83,,03090202,19.563,N,0,
255733080195603,G  -3949 S,25.959275,-80.1656944,12.33,NGVD29,55,349,112BSCNN,Biscayne Limestone Aquifer,N400BISCYN,U,NAD83,,03090202,19.563,N,0,
254156080214801,G  -3292,25.699269,-80.3631087,4,NAVD88,40,,112BSCNN,Biscayne Limestone Aquifer,N400BISCYN,U,NAD83,,03090206,19.567,N,0,
254234080221002,G  -1019A,25.7098242,-80.3692199,7.90,NGVD29,32,,,,,,NAD83,19720101,03090202,19.574,N,0,
254053080210601,G  -1563,25.6817695,-80.3514418,11.64,NGVD29,35,,112BSCNN,Biscayne Limestone Aquifer,N400BISCYN,,NAD83,,03090202,19.627,N,0,
254150080215001,G  -3293,25.6976023,-80.3636642,5,NAVD88,40,,112BSCNN,Biscayne Limestone Aquifer,N400BISCYN,U,NAD83,,03090206,19.707,N,0,
253812080180401,G  -1536,25.6370486,-80.3008853,13,NAVD88,62,,,,,,NAD83,19710101,03090206,19.712,N,0,
254150080215501,G  -3877,25.6974583,-80.3652778,8.95,NGVD29,92.1,106,112BSCNN,Biscayne Limestone Aquifer,N400BISCYN,U,NAD83,20090331,03090202,19.855,N,0,
254150080215502,G  -3902,25.6974583,-80.3653056,8.82,NGVD29,75.5,76,112BSCNN,Biscayne Limestone Aquifer,N400BISCYN,U,NAD83,20100126,03090202,19.858,N,0,
254150080215503,G  -3903,25.6974583,-80.3653333,8.92,NGVD29,19.5,20,112BSCNN,Biscayne Limestone Aquifer,N400BISCYN,U,NAD83,20100127,03090202,19.86,N,0,
255027080225801,G  -3263,25.8412083,-80.382553,3,NAVD88,20,20,112BSCNN,Biscayne Limestone Aquifer,N400BISCYN,U,NAD83,19830509,03090206,20.025,N,0,
255027080225802,G  -3263A,25.8412083,-80.382553,3,NAVD88,58,61,112BSCNN,Biscayne Limestone Aquifer,N400BISCYN,U,NAD83,19830509,03090206,20.025,N,0,
253819080183201,G  -3610,25.63725,-80.3088889,14.3,NGVD29,110,110,112BSCNN,Biscayne Limestone Aquifer,N400BISCYN,U,NAD83,19950918,03090202,20.146,N,0,
255616080180301,G  -3571,25.9377222,-80.3009167,7.4,NGVD29,18.5,,112BSCNN,Biscayne Limestone Aquifer,N400BISCYN,U,NAD83,,03090202,20.151,N,0,
255027080231001,G  -3262,25.8412083,-80.3858864,3,NAVD88,20,20,112BSCNN,Biscayne Limestone Aquifer,N400BISCYN,U,NAD83,19830503,03090206,20.342,N,0,
255027080231002,G  -3262A,25.8412083,-80.3858864,3,NAVD88,60,61,112BSCNN,Biscayne Limestone Aquifer,N400BISCYN,U,NAD83,19830503,03090206,20.342,N,0,
255027080231003,G  -3262B,25.8412083,-80.3858864,3,NAVD88,10,10,112BSCNN,Biscayne Limestone Aquifer,N400BISCYN,U,NAD83,19830503,03090206,20.342,N,0,
254222080224002,G  -1020A,25.706491,-80.3775534,8.84,NGVD29,32,,,,,,NAD83,19720101,03090202,20.487,N,0,
255026080231302,G  -3261A,25.8411805,-80.3875253,5,NAVD88,60,60,112BSCNN,Biscayne Limestone Aquifer,N400BISCYN,U,NAD83,19830413,03090206,20.497,N,0,
255043080231001,G  -3298,25.8456526,-80.3858864,3,NAVD88,9,200,112BSCNN,Biscayne Limestone Aquifer,N400BISCYN,U,NAD83,19830921,03090206,20.499,N,0,
255043080231002,G  -3298A,25.8456526,-80.3858864,3,NAVD88,9,30,112BSCNN,Biscayne Limestone Aquifer,N400BISCYN,U,NAD83,19830922,03090206,20.499,N,0,
255043080231003,G  -3298B,25.8456526,-80.3858864,3,NAVD88,9,60,112BSCNN,Biscayne Limestone Aquifer,N400BISCYN,U,NAD83,19830922,03090206,20.499,N,0,
255043080231004,G  -3298C,25.8456526,-80.3858864,3,NAVD88,9,120,112BSCNN,Biscayne Limestone Aquifer,N400BISCYN,U,NAD83,19830922,03090206,20.499,N,0,
255026080231301,G  -3261,25.8408056,-80.38775,3,NAVD88,20,20,112BSCNN,Biscayne Limestone Aquifer,N400BISCYN,U,NAD83,19830411,03090206,20.506,N,0,
255728080085201,G  - 892,25.9664809,-80.1475457,7.81,NGVD29,109,,,,,,NAD83,19590101,03090202,20.675,N,0,
255026080232701,G  -3260,25.8409306,-80.3906088,3,NAVD88,20,20,112BSCNN,Biscayne Limestone Aquifer,N400BISCYN,U,NAD83,19830407,03090206,20.783,N,0,
255026080232702,G  -3260A,25.8409306,-80.3906088,3,NAVD88,60,60,112BSCNN,Biscayne Limestone Aquifer,N400BISCYN,U,NAD83,19830408,03090206,20.783,N,0,
254931080234501,G  -3274,25.8256534,-80.395609,3,NAVD88,40,,112BSCNN,Biscayne Limestone Aquifer,N400BISCYN,U,NAD83,,03090206,20.829,N,0,
254253080230902,G  -1021A,25.7151018,-80.3856092,7.18,NGVD29,32,,,,,,NAD83,19720101,03090202,20.844,N,0,
253902080202501,G  - 553,25.6510833,-80.3383333,12.3,NGVD29,91,,112BSCNN,Biscayne Limestone Aquifer,N400BISCYN,,NAD83,19470101,03090202,20.861,N,0,
253753080184801,G  -1535,25.6317711,-80.3131078,11.60,NGVD29,34,,,,,,NAD83,19710101,03090202,20.888,N,0,
255822080103001,G  -1060,25.9731474,-80.1747688,8.43,NGVD29,12.7,,112BSCNN,Biscayne Limestone Aquifer,N400BISCYN,,NAD83,19610101,03090202,20.996,N,0,
254148080224201,G  - 956,25.6970469,-80.378109,7,NAVD88,20,,,,,,NAD83,,03090206,21.006,N,0,
254255080232802,G  -1022A,25.7156574,-80.390887,6.07,NGVD29,32,,,,,,NAD83,19720101,03090202,21.313,N,0,
254432080240401,G  -3572,25.7424167,-80.4009167,8.3,NGVD29,19.4,,112BSCNN,Biscayne Limestone Aquifer,N400BISCYN,U,NAD83,,03090202,21.402,N,0,
254200080230501,G  - 962A,25.7003801,-80.3844981,7.11,NGVD29,32,,112BSCNN,Biscayne Limestone Aquifer,N400BISCYN,,NAD83,19720101,03090202,21.409,N,0,
254227080232801,G  - 846A,25.7078799,-80.3908871,7.18,NGVD29,32,,,,,,NAD83,19720101,03090202,21.641,N,0,
254306080235002,G  - 958A,25.7187128,-80.3969983,6,NAVD88,32,,112BSCNN,Biscayne Limestone Aquifer,N400BISCYN,,NAD83,19720101,03090206,21.767,N,0,
254156080231801,G  - 845,25.6992691,-80.3881093,7,NAVD88,10,,,,,,NAD83,,03090206,21.788,N,0,
254202080232601,G  - 799,25.7009357,-80.3903316,7.57,NGVD29,20,,112BSCNN,Biscayne Limestone Aquifer,N400BISCYN,,NAD83,,03090202,21.909,N,0,
255026080240301,G  -3259,25.8408333,-80.4026667,3,NAVD88,20,20,112BSCNN,Biscayne Limestone Aquifer,N400BISCYN,U,NAD83,19830329,03090206,21.935,N,0,
255026080240302,G  -3259A,25.8408333,-80.4026667,5.1,NGVD29,60,60,112BSCNN,Biscayne Limestone Aquifer,N400BISCYN,U,NAD83,19830406,03090202,21.935,N,0,
253710080184701,G  -3611,25.6195556,-80.3126111,7.0,NGVD29,100,100,112BSCNN,Biscayne Limestone Aquifer,N400BISCYN,U,NAD83,19950821,03090202,21.983,N,0,
254212080233501,G  - 846,25.7037134,-80.3928316,6,NAVD88,10,,,,,,NAD83,,03090206,22.007,N,0,
253713080185201,"G  -5016S Miami-Dade County, FL",25.6202,-80.3145,5.8,NAVD88,80.0,110.0,112BSCNN,Biscayne Limestone Aquifer,N400BISCYN,,NAD83,,030902061601,22.028,N,0,
253713080185202,"G  -5016D Miami-Dade County, FL",25.6202,-80.3145,5.8,NAVD88,110.0,110.0,112BSCNN,Biscayne Limestone Aquifer,N400BISCYN,,NAD83,,030902061601,22.028,N,0,
253657080183101,G  -3755,25.6163633,-80.3084995,11.1,NGVD29,,97.8,112BSCNN,Biscayne Limestone Aquifer,N400BISCYN,U,NAD83,,03090202,22.061,N,0,
254136080232002,G  - 949A,25.6937137,-80.3886649,8.61,NGVD29,32,,,,,,NAD83,19720101,03090202,22.115,N,0,
254937080243101,G  -3275,25.82732,-80.408387,3,NAVD88,40,,112BSCNN,Biscayne Limestone Aquifer,N400BISCYN,U,NAD83,,03090206,22.118,N,0,
254227080234702,G  - 847A,25.7078799,-80.396165,7.58,NGVD29,32,,112BSCNN,Biscayne Limestone Aquifer,N400BISCYN,,NAD83,19720101,03090202,22.128,N,0,
254147080232701,G  - 954,25.6967692,-80.3906094,6,NAVD88,20,,,,,,NAD83,,03090206,22.136,N,0,
253649080182402,G  -3752,25.6142161,-80.3066467,2.34,NGVD29,,53.1,112BSCNN,Biscayne Limestone Aquifer,N400BISCYN,U,NAD83,,03090202,22.168,N,0,
253649080182403,G  -3753,25.6142189,-80.3066578,2.41,NGVD29,,93.7,112BSCNN,Biscayne Limestone Aquifer,N400BISCYN,U,NAD83,,03090202,22.169,N,0,
253649080182401,G  -3751,25.6141939,-80.3066383,2.21,NGVD29,,10.9,112BSCNN,Biscayne Limestone Aquifer,N400BISCYN,U,NAD83,,03090202,22.17,N,0,
253649080182404,G  -3754,25.6142244,-80.3066911,2.46,NGVD29,,24.2,112BSCNN,Biscayne Limestone Aquifer,N400BISCYN,U,NAD83,,03090202,22.17,N,0,
253652080183701,G  - 939,25.6149444,-80.3098333,12.6,NGVD29,60.6,,112BSCNN,Biscayne Limestone Aquifer,N400BISCYN,,NAD83,,03090202,22.266,N,0,
253718080192301,G  - 860,25.6218889,-80.3228611,10.4,NGVD29,20.0,,112BSCNN,Biscayne Limestone Aquifer,N400BISCYN,U,NAD83,1959,03090202,22.351,N,0,
254136080232802,G  - 953A,25.6934833,-80.3912,8.39,NGVD29,32,,,,,,NAD83,19720101,03090202,22.353,N,0,
254129080232701,G  - 951,25.6917693,-80.3906094,6,NAVD88,20,,112BSCNN,Biscayne Limestone Aquifer,N400BISCYN,,NAD83,,03090206,22.388,N,0,
255026080242901,G  -3283,25.8409306,-80.4078314,3,NAVD88,40,,112BSCNN,Biscayne Limestone Aquifer,N400BISCYN,U,NAD83,,03090206,22.434,N,0,
254200080234702,G  - 848A,25.7003802,-80.396165,8.06,NGVD29,32,,,,,,NAD83,19720101,03090202,22.464,N,0,
254150080234501,G  - 950,25.6976025,-80.3956095,6,NAVD88,20,,,,,,NAD83,,03090206,22.546,N,0,
254150080234702,G  - 849A,25.6976025,-80.3961651,7.86,NGVD29,32,,,,,,NAD83,19720101,03090202,22.596,N,0,
254905080250201,G  -3103,25.8184315,-80.4169984,3,NAVD88,79,,,,,,NAD83,,03090206,22.78,N,0,
254109080233201,G  - 952,25.686214,-80.3919984,9,NAVD88,32,,112BSCNN,Biscayne Limestone Aquifer,N400BISCYN,U,NAD83,,03090206,22.803,N,0,
255026080244501,G  -3282,25.8409306,-80.412276,3,NAVD88,40,,112BSCNN,Biscayne Limestone Aquifer,N400BISCYN,U,NAD83,,03090206,22.862,N,0,
254130080234501,G  - 551,25.6916667,-80.3960278,8.7,NGVD29,80,,112BSCNN,Biscayne Limestone Aquifer,N400BISCYN,,NAD83,,03090202,22.876,N,0,
254148080235802,G  - 967A,25.697047,-80.3992207,7.85,NGVD29,32,,,,,,NAD83,19720101,03090202,22.899,N,0,
254934080250401,G  -3276,25.8264867,-80.417554,3,NAVD88,40,,112BSCNN,Biscayne Limestone Aquifer,N400BISCYN,U,NAD83,,03090206,22.997,N,0,
255003080245701,G  -3277,25.834542,-80.4156095,3,NAVD88,40,,112BSCNN,Biscayne Limestone Aquifer,N400BISCYN,U,NAD83,,03090206,23.003,N,0,
255027080245101,G  -3258,25.8412084,-80.4139427,3,NAVD88,20,20,112BSCNN,Biscayne Limestone Aquifer,N400BISCYN,U,NAD83,19830214,03090206,23.031,N,0,
255027080245102,G  -3258A,25.8412084,-80.4139427,3,NAVD88,60,60,112BSCNN,Biscayne Limestone Aquifer,N400BISCYN,U,NAD83,19830218,03090206,23.031,N,0,
254117080234702,G  - 944A,25.6884362,-80.3961651,9.23,NGVD29,19.6,,112BSCNN,Biscayne Limestone Aquifer,N400BISCYN,,NAD83,19720101,03090202,23.053,N,0,
255049080244501,G  -3280,25.8473193,-80.412276,3,NAVD88,40,,112BSCNN,Biscayne Limestone Aquifer,N400BISCYN,U,NAD83,,03090206,23.065,N,0,
254218080241801,G  -3565,25.7051667,-80.4052222,8.5,NGVD29,19,,112BSCNN,Biscayne Limestone Aquifer,N400BISCYN,U,NAD83,,03090202,23.081,N,0,
254720080253002,G  -3676,25.7876389,-80.4238611,8.3,NGVD29,33,38,112BSCNN,Biscayne Limestone Aquifer,N400BISCYN,U,NAD83,19981124,03090202,23.166,N,0,
254121080235501,G  - 945,25.6895472,-80.3983874,7,NAVD88,20,,,,,,NAD83,,03090206,23.194,N,0,
254127080240001,G  - 551B,25.6917694,-80.3997763,8.02,NGVD29,64.4,,112BSCNN,Biscayne Limestone Aquifer,N400BISCYN,,NAD83,19720101,03090202,23.206,N,0,
255003080250501,G  -3278,25.834542,-80.4178317,3,NAVD88,40,,112BSCNN,Biscayne Limestone Aquifer,N400BISCYN,U,NAD83,,03090206,23.219,N,0,
255049080245201,G  -3279,25.8473193,-80.4142205,3,NAVD88,40,,112BSCNN,Biscayne Limestone Aquifer,N400BISCYN,U,NAD83,,03090206,23.25,N,0,
255027080245501,G  -3253,25.8413889,-80.4162222,5.29,NGVD29,34.5,34.5,112BSCNN,Biscayne Limestone Aquifer,N400BISCYN,U,NAD83,19811120,03090202,23.256,N,0,
255027080245502,G  -3253A,25.8414167,-80.4162222,3,NAVD88,60,60,112BSCNN,Biscayne Limestone Aquifer,N400BISCYN,U,NAD83,19830222,03090206,23.257,N,0,
255016080250501,G  -3254,25.838153,-80.4178317,3,NAVD88,20,20,112BSCNN,Biscayne Limestone Aquifer,N400BISCYN,U,NAD83,19830320,03090206,23.317,N,0,
255016080250502,G  -3254A,25.838153,-80.4178317,3,NAVD88,60,60,112BSCNN,Biscayne Limestone Aquifer,N400BISCYN,U,NAD83,19830323,03090206,23.317,N,0,
255027080250001,G  -3257,25.8413611,-80.4173889,3,NAVD88,20,20,112BSCNN,Biscayne Limestone Aquifer,N400BISCYN,U,NAD83,19830301,03090206,23.367,N,0,
255027080250002,G  -3257A,25.8413611,-80.4173889,3,NAVD88,60,60,112BSCNN,Biscayne Limestone Aquifer,N400BISCYN,U,NAD83,19830304,03090206,23.367,N,0,
255023080250501,G  -3255,25.8400973,-80.4178317,3,NAVD88,20,20,112BSCNN,Biscayne Limestone Aquifer,N400BISCYN,U,NAD83,19830314,03090206,23.373,N,0,
255023080250502,G  -3255A,25.8400973,-80.4178317,3,NAVD88,60,60,112BSCNN,Biscayne Limestone Aquifer,N400BISCYN,U,NAD83,19830317,03090206,23.373,N,0,
255027080250501,G  -3256,25.8412084,-80.4178317,3,NAVD88,20,20,112BSCNN,Biscayne Limestone Aquifer,N400BISCYN,U,NAD83,19830307,03090206,23.406,N,0,
255027080250502,G  -3256A,25.8412084,-80.4178317,3,NAVD88,60,60,112BSCNN,Biscayne Limestone Aquifer,N400BISCYN,U,NAD83,19830311,03090206,23.406,N,0,
255117080245101,G  -3281,25.8550968,-80.4139427,3,NAVD88,40,,112BSCNN,Biscayne Limestone Aquifer,N400BISCYN,U,NAD83,,03090206,23.496,N,0,
253442080230302,G  - 244A,25.6620482,-80.3839427,7.98,NGVD29,32,,,,,,NAD83,19720101,03090202,23.552,N,0,
254252080245401,G  -1524,25.7148242,-80.4147766,7.82,NGVD29,29.1,,,,,,NAD83,19700101,03090202,23.59,N,0,
254108080240402,G  - 946A,25.6859363,-80.4008875,8.12,NGVD29,32,,,,,,NAD83,19720101,03090202,23.601,N,0,
255027080251801,G  -3326,25.8412084,-80.4214429,3,NAVD88,40,,112BSCNN,Biscayne Limestone Aquifer,N400BISCYN,U,NAD83,,03090206,23.754,N,0,
254510080255701,"G  -5018S Miami-Dade County, FL",25.7528,-80.4327,5.07,NAVD88,20.0,20.0,112BSCNN,Biscayne Limestone Aquifer,N400BISCYN,,NAD83,,030902061500,24.318,N,0,
254510080255702,"G  -5018I Miami-Dade County, FL",25.7528,-80.4327,5.07,NAVD88,40.0,40.0,112BSCNN,Biscayne Limestone Aquifer,N400BISCYN,,NAD83,,030902061500,24.318,N,0,
254510080255703,"G  -5018D Miami-Dade County, FL",25.7528,-80.4327,5.07,NAVD88,60.0,60.0,112BSCNN,Biscayne Limestone Aquifer,N400BISCYN,,NAD83,,030902061500,24.318,N,0,
255028080254001,G  -3446,25.8414862,-80.4275542,5,NGVD29,,,112BSCNN,Biscayne Limestone Aquifer,N400BISCYN,U,NAD83,19870311,03090202,24.353,N,0,
254905080260301,G  -3330,25.8184315,-80.4339433,3,NAVD88,40,,112BSCNN,Biscayne Limestone Aquifer,N400BISCYN,U,NAD83,19840101,03090206,24.455,N,0,
254421080260201,G  -3439,25.739333,-80.433639,5.9,NGVD29,12.0,,112BSCNN,Biscayne Limestone Aquifer,N400BISCYN,U,NAD83,19870227,03090202,24.676,N,0,
255031080255201,G  -3447,25.8423195,-80.4308876,5.,NGVD29,6,7,112BSCNN,Biscayne Limestone Aquifer,N400BISCYN,U,NAD83,19870311,03090202,24.699,N,0,
254955080260401,G  -3331,25.8323199,-80.434221,3,NAVD88,40,,112BSCNN,Biscayne Limestone Aquifer,N400BISCYN,U,NAD83,19840101,03090206,24.763,N,0,
255035080255401,G  -3760,25.8416667,-80.4335278,4.5,NGVD29,72.69,,112BSCNN,Biscayne Limestone Aquifer,N400BISCYN,U,NAD83,20010213,03090202,24.936,N,0,
255035080255402,G  -3761,25.8416944,-80.4335278,4.8,NGVD29,16.3,,112BSCNN,Biscayne Limestone Aquifer,N400BISCYN,U,NAD83,20010213,03090202,24.937,N,0,
255047080260501,G  -3332,25.8467638,-80.4344988,3,NAVD88,40,,112BSCNN,Biscayne Limestone Aquifer,N400BISCYN,U,NAD83,19840101,03090206,25.178,N,0,
255028080261401,G  -3448,25.8414862,-80.4369989,5.,NGVD29,5,5.5,112BSCNN,Biscayne Limestone Aquifer,N400BISCYN,U,NAD83,19870312,03090202,25.267,N,0,
255028080262501,G  -3449,25.8414862,-80.4400545,5.,NGVD29,5.5,5.5,112BSCNN,Biscayne Limestone Aquifer,N400BISCYN,U,NAD83,19870312,03090202,25.564,N,0,
254557080265401,G  - 607,25.7662113,-80.4481106,6.70,NGVD29,65.4,,,,,,NAD83,,03090202,25.68,N,0,
253527080195401,G  -3886,25.5910833,-80.3317222,10.17,NGVD29,101.4,109.0,112BSCNN,Biscayne Limestone Aquifer,N400BISCYN,U,NAD83,20090902,03090202,25.682,N,0,
255140080260701,G  -3333,25.8614855,-80.4350543,3,NAVD88,40,,112BSCNN,Biscayne Limestone Aquifer,N400BISCYN,U,NAD83,19840101,03090206,25.724,N,0,
254013080245901,G  - 447A,25.6706591,-80.4161657,9.26,NGVD29,32,,,,,,NAD83,19720101,03090202,25.761,N,0,
255709080223701,G  - 970,25.9529167,-80.3754444,3.8,NGVD29,15,,112BSCNN,Biscayne Limestone Aquifer,N400BISCYN,,NAD83,,03090202,26.147,N,0,
253457080195501,G  -3612,25.5831667,-80.3306111,8.1,NGVD29,62,65,112BSCNN,Biscayne Limestone Aquifer,N400BISCYN,U,NAD83,19950919,03090202,26.367,N,0,
254248080263801,G  -3473,25.7137132,-80.4436662,8.6,NGVD29,20.4,,112BSCNN,Biscayne Limestone Aquifer,N400BISCYN,U,NAD83,,03090202,26.375,N,0,
253948080250701,G  -3897,25.6632889,-80.418975,8.6,NGVD29,22.5,,112BSCNN,Biscayne Limestone Aquifer,N400BISCYN,U,NAD83,,03090202,26.417,N,0,
255036080270501,G  -3818,25.8435556,-80.4511944,5.1,NGVD29,20,20,112BSCNN,Biscayne Limestone Aquifer,N400BISCYN,U,NAD83,20040508,03090202,26.701,N,0,
254217080264501,G -3473R,25.7048611,-80.4458889,7.18,NAVD88,20,,112BSCNN,Biscayne Limestone Aquifer,N400BISCYN,U,NAD83,,03090206,26.898,N,0,
253549080214101,S  - 182A,25.597083,-80.363361,11.0,NGVD29,33.0,51.0,112BSCNN,Biscayne Limestone Aquifer,N400BISCYN,U,NAD83,19370101,03090202,27.014,N,0,
255358080260901,G  -3567,25.9000556,-80.4358333,6.6,NGVD29,18.7,,112BSCNN,Biscayne Limestone Aquifer,N400BISCYN,U,NAD83,,03090202,27.508,N,0,
254022080263601,G  -3561,25.6735278,-80.4430833,10.6,NGVD29,19.0,,112BSCNN,Biscayne Limestone Aquifer,N400BISCYN,U,NAD83,,03090202,27.995,N,0,
255208080274001,G  - 975,25.8699944,-80.4564056,4.8,NGVD29,15,,112BSCNN,Biscayne Limestone Aquifer,N400BISCYN,U,NAD83,,03090202,28.054,N,0,
254111080272501,G  -3555,25.6866667,-80.4566944,8.30,NGVD29,19,,112BSCNN,Biscayne Limestone Aquifer,N400BISCYN,U,NAD83,,03090202,28.633,N,0,
254152080274501,G  -3554,25.6981944,-80.4623889,10.3,NGVD29,20,,112BSCNN,Biscayne Limestone Aquifer,N400BISCYN,U,NAD83,,03090202,28.704,N,0,
253522080225101,G  -3889,25.5895556,-80.3808889,10,NAVD88,106.0,106.0,112BSCNN,Biscayne Limestone Aquifer,N400BISCYN,U,NAD83,20090610,03090206,28.787,N,0,
254830080284201,G  -1488,25.8185278,-80.4823333,7.4,NGVD29,20,,112BSCNN,Biscayne Limestone Aquifer,N400BISCYN,,NAD83,19700101,03090202,29.254,N,0,
254213080281501,G  -3556,25.7038056,-80.471,6.8,NGVD29,19.10,,112BSCNN,Biscayne Limestone Aquifer,N400BISCYN,U,NAD83,,03090202,29.319,N,0,
254334080284401,G  -3558,25.7270722,-80.4793972,7.20,NGVD29,19,,112BSCNN,Biscayne Limestone Aquifer,N400BISCYN,U,NAD83,,03090202,29.445,N,0,
254152080282101,G  -3553,25.6981389,-80.4726667,6.2,NGVD29,19.90,,112BSCNN,Biscayne Limestone Aquifer,N400BISCYN,U,NAD83,,03090202,29.677,N,0,
254152080282601,G  -3898,25.6980056,-80.4738,7,NGVD29,22.8,,112BSCNN,Biscayne Limestone Aquifer,N400BISCYN,U,NAD83,,03090202,29.789,N,0,
254038080280201,G  - 855,25.677806,-80.466444,7.9,NGVD29,20.0,,112BSCNN,Biscayne Limestone Aquifer,N400BISCYN,,NAD83,,03090202,29.918,N,0,
254108080231301,G  -3560,25.6852778,-80.4700278,8.62,NGVD29,19.5,,112BSCNN,Biscayne Limestone Aquifer,N400BISCYN,U,NAD83,,03090202,29.929,N,0,
253419080223701,G  -3899,25.5719222,-80.377125,8.54,NGVD29,20.6,,112BSCNN,Biscayne Limestone Aquifer,N400BISCYN,U,NAD83,,03090202,30.061,N,0,
253334080213601,G  -3702,25.5598056,-80.3596111,5.3,NGVD29,83,85,112BSCNN,Biscayne Limestone Aquifer,N400BISCYN,U,NAD83,19990517,03090202,30.125,N,0,
255707080255001,G  -1637,25.9521111,-80.4295,5.9,NGVD29,26,,112BSCNN,Biscayne Limestone Aquifer,N400BISCYN,,NAD83,,03090202,30.126,N,0,
253335080213501,G -3967,25.5598361,-80.3597278,7.04,NGVD29,46.0,65,112BSCNN,Biscayne Limestone Aquifer,N400BISCYN,U,NAD83,20140519,03090202,30.129,N,0,
253417080224301,G  -3968,25.5713667,-80.3786472,6.34,NGVD29,45,47,112BSCNN,Biscayne Limestone Aquifer,N400BISCYN,U,NAD83,20140414,03090202,30.204,N,0,
254138080284401,G  -3552,25.6942778,-80.4786667,7.4,NGVD29,19.4,,112BSCNN,Biscayne Limestone Aquifer,N400BISCYN,U,NAD83,,03090202,30.386,N,0,
253413080225301,G  -3969,25.5703972,-80.3814639,10.46,NGVD29,47.7,48.5,112BSCNN,Biscayne Limestone Aquifer,N400BISCYN,U,NAD83,20140416,03090202,30.464,N,0,
255600080270001,G  - 968,25.9355556,-80.4471111,6.4,NGVD29,50,,112BSCNN,Biscayne Limestone Aquifer,N400BISCYN,U,NAD83,,03090202,30.485,N,0,
253249080205201,G  -3130,25.5473298,-80.3475536,3,NAVD88,14.5,,,,,,NAD83,,03090202,30.658,N,0,
253249080205203,G  -3132,25.5473298,-80.3475536,3,NAVD88,45,,,,,,NAD83,,03090202,30.658,N,0,
254445080295001,G  -3559,25.7463056,-80.4970278,8.6,NGVD29,19.50,,112BSCNN,Biscayne Limestone Aquifer,N400BISCYN,U,NAD83,,03090202,30.797,N,0,
254446080295501,G  -3574,25.7463611,-80.4978889,6.2,NGVD29,6.80,,112BSCNN,Biscayne Limestone Aquifer,N400BISCYN,U,NAD83,,03090202,30.882,N,0,
253203080202101,G  -3141,25.5345524,-80.3389424,2,NAVD88,10.9,,,,,,NAD83,,03090202,31.48,N,0,
253203080202102,G  -3142,25.5345524,-80.3389424,2,NAVD88,21.1,,,,,,NAD83,,03090202,31.48,N,0,
253203080203501,G  -3139,25.5345524,-80.3428314,3,NAVD88,28.5,,,,,,NAD83,,03090202,31.663,N,0,
253203080203502,G  -3140,25.5345524,-80.3428314,3,NAVD88,38.6,,,,,,NAD83,,03090202,31.663,N,0,
254158080294501,G  -3551,25.7002222,-80.4955,7.4,NGVD29,18.30,,112BSCNN,Biscayne Limestone Aquifer,N400BISCYN,U,NAD83,,03090202,31.779,N,0,
254206080294701,G  -3575,25.7021111,-80.4961944,6.1,NGVD29,10,,112BSCNN,Biscayne Limestone Aquifer,N400BISCYN,U,NAD83,,03090202,31.783,N,0,
253253080221201,G  -3885,25.5480833,-80.3701944,6.94,NGVD29,86,107,112BSCNN,Biscayne Limestone Aquifer,N400BISCYN,U,NAD83,20090701,03090202,31.799,N,0,
253212080210801,G  -3133,25.5370524,-80.3519982,4,NAVD88,10.6,,,,,,NAD83,,03090202,31.87,N,0,
253212080210802,G  -3134,25.5370524,-80.3519982,4,NAVD88,19.7,,,,,,NAD83,,03090202,31.87,N,0,
253203080205301,G  -3135,25.5345525,-80.3478315,19,NAVD88,15.3,,,,,,NAD83,,03090202,31.905,N,0,
253203080205302,G  -3136,25.5345525,-80.3478315,19,NAVD88,26.2,,,,,,NAD83,,03090202,31.905,N,0,
253640080264701,G  -1362A,25.611,-80.4462778,11.35,NGVD29,31,35,112BSCNN,Biscayne Limestone Aquifer,N400BISCYN,U,NAD83,20131210,03090202,31.952,N,0,
263630080264801,G  -1362,25.6105278,-80.4463417,11.5,NGVD29,33,,112BSCNN,Biscayne Limestone Aquifer,N400BISCYN,U,NAD83,,03090202,31.989,N,0,
254207080300201,G  -3577,25.7026111,-80.5005556,6,NGVD29,8,,112BSCNN,Biscayne Limestone Aquifer,N400BISCYN,U,NAD83,,03090202,32.186,N,0,
254112080294201,G  -3557,25.6871389,-80.4959444,6.6,NGVD29,19.50,,112BSCNN,Biscayne Limestone Aquifer,N400BISCYN,U,NAD83,,03090202,32.284,N,0,
254054080295401,G  -1487,25.6878389,-80.4965194,6.8,NGVD29,9,20,112BSCNN,Biscayne Limestone Aquifer,N400BISCYN,U,NAD83,1970,03090202,32.312,N,0,
253214080215401,G  -3613,25.537608,-80.3647763,4.4,NGVD29,60,60,112BSCNN,Biscayne Limestone Aquifer,N400BISCYN,U,NAD83,19950916,03090202,32.479,N,0,
254442080305201,G  -3576,25.7458333,-80.51425,6,NGVD29,9.64,,112BSCNN,Biscayne Limestone Aquifer,N400BISCYN,U,NAD83,19950309,03090202,32.513,N,0,
253214080224601,G  -3701,25.5371667,-80.3795278,6.6,NGVD29,83,85,112BSCNN,Biscayne Limestone Aquifer,N400BISCYN,U,NAD83,19990514,03090202,33.329,N,0,
254210080304801,G  -3578,25.7031389,-80.5131389,6,NGVD29,6,,112BSCNN,Biscayne Limestone Aquifer,N400BISCYN,U,NAD83,,03090202,33.38,N,0,
253133080224801,G  -1268,25.5262196,-80.3797767,4.75,NGVD29,46.5,,,,,,NAD83,19650101,03090202,34.356,N,0,
253202080232601,G  -3162,25.5257667,-80.3894833,6,NGVD29,92,,112BSCNN,Biscayne Limestone Aquifer,N400BISCYN,U,NAD83,19780210,03090202,34.939,N,0,
253539080284101,G  - 757AR,25.5940861,-80.4779778,7.9,NAVD88,34,34,112BSCNN,Biscayne Limestone Aquifer,N400BISCYN,,NAD83,20180320,03090202,35.622,N,0,
253537080284401,G  - 757A,25.5941667,-80.4786667,9.9,NGVD29,33,,112BSCNN,Biscayne Limestone Aquifer,N400BISCYN,,NAD83,,03090202,35.673,N,0,
253937080304001,G  - 596,25.638,-80.5119722,8,NGVD29,16,,112BSCNN,Biscayne Limestone Aquifer,N400BISCYN,U,NAD83,19490101,03090202,35.939,N,0,
252933080210001,G  -3549,25.492944,-80.349083,4.34,NGVD29,11.0,,112BSCNN,Biscayne Limestone Aquifer,N400BISCYN,U,NAD83,,03090202,36.07,N,0,
253258080264301,"G  - 614 Miami-Dade County, FL",25.550306,-80.445472,11.3,NGVD29,20.0,,112BSCNN,Biscayne Limestone Aquifer,N400BISCYN,U,NAD83,,03090202,36.385,N,0,
253024080231001,G  -3615,25.5071944,-80.386,4.50,NGVD29,80,80,112BSCNN,Biscayne Limestone Aquifer,N400BISCYN,U,NAD83,19950919,03090202,36.475,N,0,
253632080321101,G  -3627,25.6086944,-80.50325,7.90,NGVD29,12,12,112BSCNN,Biscayne Limestone Aquifer,N400BISCYN,U,NAD83,19960613,03090202,36.794,N,0,
253708080304201,G  -3626,25.6185917,-80.5112722,7.3,NGVD29,12,12,112BSCNN,Biscayne Limestone Aquifer,N400BISCYN,U,NAD83,19960614,03090202,36.912,N,0,
253027080234701,G  -3700,25.50725,-80.3966944,9.4,NGVD29,82.5,83,112BSCNN,Biscayne Limestone Aquifer,N400BISCYN,U,NAD83,19990513,03090202,37.051,N,0,
253952080321501,G  -3272,25.6649333,-80.5389333,7,NGVD29,10,,112BSCNN,Biscayne Limestone Aquifer,N400BISCYN,U,NAD83,19830309,03090202,37.183,N,0,
252906080213101,G  -3550,25.485528,-80.358283,2.73,NGVD29,13.0,,112BSCNN,Biscayne Limestone Aquifer,N400BISCYN,U,NAD83,,03090202,37.217,N,0,
253312080281001,G  -3381A   RD-GR-UP-D,25.5537192,-80.469223,8,NAVD88,9,,112BSCNN,Biscayne Limestone Aquifer,N400BISCYN,U,NAD83,19850101,03090202,37.822,N,0,
253312080281003,G  -3381C   RD-GR-UP-S,25.5537192,-80.469223,8,NAVD88,9,,112BSCNN,Biscayne Limestone Aquifer,N400BISCYN,U,NAD83,19850101,03090202,37.822,N,0,
253307080280501,G  -3382A   RD-GR-MD-D,25.5523304,-80.4678341,8,NAVD88,9,,112BSCNN,Biscayne Limestone Aquifer,N400BISCYN,U,NAD83,19850101,03090202,37.826,N,0,
253307080280502,G  -3382B   RD-GR-MD-M,25.5523304,-80.4678341,8,NAVD88,9,,112BSCNN,Biscayne Limestone Aquifer,N400BISCYN,U,NAD83,19850101,03090202,37.826,N,0,
253307080280503,G  -3382C   RD-GR-MD-S,25.5523304,-80.4678341,8,NAVD88,9,,112BSCNN,Biscayne Limestone Aquifer,N400BISCYN,U,NAD83,19850101,03090202,37.826,N,0,
253302080280001,G  -3383A   RD-GR-DN-D,25.5509415,-80.4664452,8,NAVD88,9,,112BSCNN,Biscayne Limestone Aquifer,N400BISCYN,U,NAD83,19850101,03090202,37.831,N,0,
253302080280002,G  -3383B   RD-GR-DN-M,25.5509415,-80.4664452,8,NAVD88,9,,112BSCNN,Biscayne Limestone Aquifer,N400BISCYN,U,NAD83,19850101,03090202,37.831,N,0,
253302080280003,G  -3383C   RD-GR-DN-S,25.5509415,-80.4664452,8,NAVD88,9,,112BSCNN,Biscayne Limestone Aquifer,N400BISCYN,U,NAD83,19850101,03090202,37.831,N,0,
252944080233401,G  -1179,25.4958056,-80.3927222,8,NGVD29,80,80,112BSCNN,Biscayne Limestone Aquifer,N400BISCYN,U,NAD83,19611204,03090202,37.907,N,0,
252947080235201,G  -1270,25.4967764,-80.397555,7.60,NGVD29,27,,112BSCNN,Biscayne Limestone Aquifer,N400BISCYN,,NAD83,,03090202,38.075,N,0,
252813080204701,G  -3756,25.4706909,-80.3462873,5.33,NGVD29,,92.9,112BSCNN,Biscayne Limestone Aquifer,N400BISCYN,U,NAD83,,03090202,38.199,N,0,
252813080204702,G  -3757,25.4706909,-80.3463234,5.76,NGVD29,,65.6,112BSCNN,Biscayne Limestone Aquifer,N400BISCYN,U,NAD83,,03090202,38.201,N,0,
252813080204703,G  -3758,25.4706965,-80.3463623,5.44,NGVD29,,30.7,112BSCNN,Biscayne Limestone Aquifer,N400BISCYN,U,NAD83,,03090202,38.202,N,0,
252947080235301,G  -1180,25.4980833,-80.4034722,6.5,NGVD29,67,,112BSCNN,Biscayne Limestone Aquifer,N400BISCYN,U,NAD83,19611204,03090202,38.277,N,0,
254500080360001,G  - 618,25.7608889,-80.5771667,7.4,NGVD29,20,,112BSCNN,Biscayne Limestone Aquifer,N400BISCYN,,NAD83,,03090202,38.611,N,0,
252918080234201,G  -1183,25.4888194,-80.3945694,6.6,NGVD29,47,,112BSCNN,Biscayne Limestone Aquifer,N400BISCYN,U,NAD83,19611015,03090202,38.665,N,0,
252825080221201,G  -3759,25.4740826,-80.3699211,3.42,NGVD29,,95.4,112BSCNN,Biscayne Limestone Aquifer,N400BISCYN,U,NAD83,,03090202,38.88,N,0,
253012080261401,G  -1486,25.5029167,-80.4370278,9.94,NGVD29,32,,112BSCNN,Biscayne Limestone Aquifer,N400BISCYN,,NAD83,19700101,03090202,39.808,N,0,
252719080205301,G -5012 / TPGW-23,25.4555389,-80.3481556,1.7,NAVD88,116.0,,112BSCNN,Biscayne Limestone Aquifer,N400BISCYN,,NAD83,,030902061607,39.82,N,0,
252755080222901,G  -3384A   MR-BK-UP-D,25.4656663,-80.374499,3,NAVD88,9,,112BSCNN,Biscayne Limestone Aquifer,N400BISCYN,U,NAD83,19850101,03090202,39.922,N,0,
252755080222902,G  -3384B   MR-BK-UP-M,25.4656663,-80.374499,3,NAVD88,9,,112BSCNN,Biscayne Limestone Aquifer,N400BISCYN,U,NAD83,19850101,03090202,39.922,N,0,
252755080222903,G  -3384C   MR-BK-UP-S,25.4656663,-80.374499,3,NAVD88,9,,112BSCNN,Biscayne Limestone Aquifer,N400BISCYN,U,NAD83,19850101,03090202,39.922,N,0,
252750080222701,G  -3385A   MR-BK-MD-D,25.4642774,-80.3739435,3,NAVD88,9,,112BSCNN,Biscayne Limestone Aquifer,N400BISCYN,U,NAD83,19850101,03090202,40.034,N,0,
252750080222702,G  -3385B   MR-BK-MD-M,25.4642774,-80.3739435,3,NAVD88,9,,112BSCNN,Biscayne Limestone Aquifer,N400BISCYN,U,NAD83,19850101,03090202,40.034,N,0,
252750080222703,G  -3385C   MR-BK-MD-S,25.4642774,-80.3739435,3,NAVD88,9,,112BSCNN,Biscayne Limestone Aquifer,N400BISCYN,U,NAD83,19850101,03090202,40.034,N,0,
252746080222501,G  -3386A   MR-BK-DN-D,25.4631664,-80.3733879,3,NAVD88,9,,112BSCNN,Biscayne Limestone Aquifer,N400BISCYN,U,NAD83,19850101,03090202,40.119,N,0,
252746080222502,G  -3386B   MR-BK-DN-M,25.4631664,-80.3733879,3,NAVD88,9,,112BSCNN,Biscayne Limestone Aquifer,N400BISCYN,U,NAD83,19850101,03090202,40.119,N,0,
252746080222503,G  -3386C   MR-BK-DN-S,25.4631664,-80.3733879,3,NAVD88,10,,112BSCNN,Biscayne Limestone Aquifer,N400BISCYN,U,NAD83,19850101,03090202,40.119,N,0,
252655080202301,G  -3943 / TPGW-12,25.4487222,-80.3396944,2.43,NGVD29,124.0,133.0,112BSCNN,Biscayne Limestone Aquifer,N400BISCYN,U,NAD83,201003,03090202,40.2,N,0,
253539080320501,G  -3628,25.5941194,-80.53465,7.1,NGVD29,12,12,112BSCNN,Biscayne Limestone Aquifer,N400BISCYN,U,NAD83,19960614,03090202,40.323,N,0,
252627080192901,G  -3941 / TPGW-10,25.4409444,-80.3247222,-3.8,NGVD29,130.9,143.0,112BSCNN,Biscayne Limestone Aquifer,N400BISCYN,U,NAD83,201004,03090202,40.489,N,0,
252654080213201,G  -3993 / TPGW-19,25.448375,-80.3588139,4.05,NGVD29,106.0,120.0,112BSCNN,Biscayne Limestone Aquifer,N400BISCYN,U,NAD83,20170830,03090202,40.977,N,0,
253233080301001,G  -1363,25.5430278,-80.5023889,8.8,NGVD29,33.0,,112BSCNN,Biscayne Limestone Aquifer,N400BISCYN,U,NAD83,,03090202,41.092,N,0,
252814080244101,G  -3698,25.47025,-80.4110278,4.7,NGVD29,85,90,112BSCNN,Biscayne Limestone Aquifer,N400BISCYN,U,NAD83,19990512,03090202,41.29,N,0,
252812080244301,G  -3616,25.4703886,-80.4117221,3,NAVD88,95,100,112BSCNN,Biscayne Limestone Aquifer,N400BISCYN,U,NAD83,19950916,03090202,41.314,N,0,
252824080250601,G  -3235A,25.4737218,-80.4181111,9.65,NGVD29,82.3,130,112BSCNN,Biscayne Limestone Aquifer,N400BISCYN,U,NAD83,,03090202,41.348,N,0,
252720080231301,G  -3937 / TPGW-6,25.4556194,-80.3869444,3.33,NGVD29,111.6,130.0,112BSCNN,Biscayne Limestone Aquifer,N400BISCYN,U,NAD83,201003,03090202,41.491,N,0,
252813080251201,G -3997,25.4702639,-80.4199194,5.68,NGVD29,118,123,112BSCNN,Biscayne Limestone Aquifer,N400BISCYN,U,NAD83,20170925,03090202,41.769,N,0,
252719080241201,G  -3345,25.4556668,-80.4031109,3,NAVD88,79,,112BSCNN,Biscayne Limestone Aquifer,N400BISCYN,U,NAD83,,03090206,42.272,N,0,
252557080210201,G  -3974 / TPGW-15,25.4325167,-80.3506722,4.03,NGVD29,112.8,113.5,112BSCNN,Biscayne Limestone Aquifer,N400BISCYN,U,NAD83,,03090202,42.282,N,0,
252601080211601,G  -3932 / TPGW-1,25.4336389,-80.3543889,3.7,NGVD29,106.3,116.0,112BSCNN,Biscayne Limestone Aquifer,N400BISCYN,U,NAD83,201002,03090202,42.308,N,0,
252732080245801,G  -3388A   MR-RC-DN-D,25.4592779,-80.4158889,3,NAVD88,9,,112BSCNN,Biscayne Limestone Aquifer,N400BISCYN,U,NAD83,19850501,03090202,42.584,N,0,
252732080245802,G  -3388B   MR-RC-DN-M,25.4592779,-80.4158889,3,NAVD88,9,,112BSCNN,Biscayne Limestone Aquifer,N400BISCYN,U,NAD83,19850501,03090202,42.584,N,0,
252732080245803,G  -3388C   MR-RC-DN-S,25.4592779,-80.4158889,3,NAVD88,9,,112BSCNN,Biscayne Limestone Aquifer,N400BISCYN,U,NAD83,19850501,03090202,42.584,N,0,
252744080253801,G  -3367    SITE 10,25.4626112,-80.4270003,3,NAVD88,9,,112BSCNN,Biscayne Limestone Aquifer,N400BISCYN,U,NAD83,19850201,03090202,42.87,N,0,
252719080251201,G  -3387A   MR-RC-UP-D,25.4556669,-80.4197779,3,NAVD88,9,,112BSCNN,Biscayne Limestone Aquifer,N400BISCYN,U,NAD83,19850501,03090202,43.131,N,0,
252719080251202,G  -3387B   MR-RC-UP-M,25.4556669,-80.4197779,3,NAVD88,9,,112BSCNN,Biscayne Limestone Aquifer,N400BISCYN,U,NAD83,19850501,03090202,43.131,N,0,
252718080251301,G  -3387C   MR-RC-UP-S,25.4553892,-80.4200557,3,NAVD88,9,,112BSCNN,Biscayne Limestone Aquifer,N400BISCYN,U,NAD83,19850501,03090202,43.172,N,0,
252656080350301,G  -1502,25.6157167,-80.5830167,8.28,NGVD29,31.0,,112BSCNN,Biscayne Limestone Aquifer,N400BISCYN,,NAD83,19700101,030902021300,43.42,N,0,
252652080244301,G  -3699,25.4482222,-80.4118056,5.80,NGVD29,88,90,112BSCNN,Biscayne Limestone Aquifer,N400BISCYN,U,NAD83,19990510,03090202,43.426,N,0,
253029080295601,S  - 196A,25.5083833,-80.4985667,10.33,NGVD29,20,,112BSCNN,Biscayne Limestone Aquifer,N400BISCYN,,NAD83,,03090202,43.444,N,0,
253656080350304,G  -3205,25.6159396,-80.583948,8,NAVD88,44,,,,,,NAD83,,03090202,43.493,N,0,
252719080253601,G  -3966D,25.4553611,-80.42665,6.74,NGVD29,107,111,112BSCNN,Biscayne Limestone Aquifer,N400BISCYN,U,NAD83,20140422,03090202,43.528,N,0,
252719080253602,G  -3966S,25.4553611,-80.42665,6.74,NGVD29,97,111,112BSCNN,Biscayne Limestone Aquifer,N400BISCYN,U,NAD83,20140422,03090202,43.528,N,0,
253530080343201,G  -3124,25.5920516,-80.5753367,5,NAVD88,,,112BSCNN,Biscayne Limestone Aquifer,N400BISCYN,,NAD83,,03090202,43.954,N,0,
252650080252401,G  -3856,25.4473583,-80.4234944,6,NGVD29,85,,112BSCNN,Biscayne Limestone Aquifer,N400BISCYN,U,NAD83,,03090202,44.113,N,0,
252710080260001,G  -3994 / TPGW-20,25.4528056,-80.4334583,8.42,NGVD29,108.0,120.0,112BSCNN,Biscayne Limestone Aquifer,N400BISCYN,,NAD83,20170816,03090202,44.137,N,0,
252714080260901,G  -3976,25.4540083,-80.4358694,8.93,NGVD29,107.2,115,112BSCNN,Biscayne Limestone Aquifer,N400BISCYN,U,NAD83,,03090202,44.159,N,0,
252650080252701,G  -3855,25.4472889,-80.4243972,6.21,NGVD29,87,,112BSCNN,Biscayne Limestone Aquifer,N400BISCYN,U,NAD83,,03090202,44.167,N,0,
252512080221801,G  -3992 / TPGW-18,25.420125,-80.3716222,1.7,NGVD29,99.5,,112BSCNN,Biscayne Limestone Aquifer,N400BISCYN,U,NAD83,,03090202,44.37,N,0,
253813080361601,G  -3125,25.6373277,-80.6042263,4,NAVD88,,,112BSCNN,Biscayne Limestone Aquifer,N400BISCYN,,NAD83,,03090202,44.397,N,0,
252910080292002,G  -1650,25.4864996,-80.4886682,8,NAVD88,25.1,,,,,,NAD83,19720101,03090202,44.533,N,0,
252349080181501,G  -3942 / TPGW-11,25.3970556,-80.3041667,-5.2,NGVD29,135.0,149.0,112BSCNN,Biscayne Limestone Aquifer,N400BISCYN,U,NAD83,201005,03090202,44.567,N,0,
253400080340401,G  -3437,25.567,-80.5670833,6.82,NGVD29,12.5,12.5,112BSCNN,Biscayne Limestone Aquifer,N400BISCYN,U,NAD83,19851210,03090202,44.685,N,0,
252742080273101,252742080273101,25.4620558,-80.4583899,6.00,NGVD29,25,,112BSCNN,Biscayne Limestone Aquifer,N400BISCYN,,NAD83,19790101,03090202,44.723,N,0,
252718080264901,G  -3900,25.4541917,-80.4468694,5.3,NGVD29,22,,112BSCNN,Biscayne Limestone Aquifer,N400BISCYN,U,NAD83,,03090202,44.761,N,0,
252829080285101,F  - 358,25.4751944,-80.4811667,8.73,NGVD29,54.0,,112BSCNN,Biscayne Limestone Aquifer,N400BISCYN,,NAD83,19400101,03090202,44.992,N,0,
252720080272501,252720080272501,25.4559449,-80.4567232,6.00,NGVD29,25,,112BSCNN,Biscayne Limestone Aquifer,N400BISCYN,,NAD83,19790101,03090202,45.173,N,0,
252902080294501,G  -3366    SITE 9,25.4842775,-80.4956128,8,NAVD88,9,,112BSCNN,Biscayne Limestone Aquifer,N400BISCYN,U,NAD83,19850201,03090202,45.183,N,0,
252626080261001,G  -3998,25.4404528,-80.4361444,4.05,NGVD29,110.3,121,112BSCNN,Biscayne Limestone Aquifer,N400BISCYN,U,NAD83,,03090202,45.438,N,0,
252524080241301,G  -3936 / TPGW-5,25.4233056,-80.4036944,0.97,NGVD29,91.2,116.0,112BSCNN,Biscayne Limestone Aquifer,N400BISCYN,U,NAD83,201004,03090202,45.454,N,0,
252532080244301,G  -1264,25.4264167,-80.4119167,4.41,NGVD29,59.4,69,112BSCNN,Biscayne Limestone Aquifer,N400BISCYN,U,NAD83,,03090202,45.54,N,0,
252603080254101,G  -3938 / TPGW-7,25.4340278,-80.4279722,3.05,NGVD29,114.0,120.0,112BSCNN,Biscayne Limestone Aquifer,N400BISCYN,U,NAD83,201004,03090202,45.613,N,0,
252339080210701,G  -3944 / TPGW-13,25.3941667,-80.3519722,3.94,NGVD29,110.4,130.0,112BSCNN,Biscayne Limestone Aquifer,N400BISCYN,U,NAD83,201004,03090202,46.308,N,0,
252502080253901,G  -3356,25.4189722,-80.4277222,3.0,NGVD29,13,,112BSCNN,Biscayne Limestone Aquifer,N400BISCYN,U,NAD83,,03090202,47.041,N,0,
252520080261001,G  -3995 / TPGW-21,25.4222528,-80.4360472,3.87,NGVD29,93.0,120.0,112BSCNN,Biscayne Limestone Aquifer,N400BISCYN,U,NAD83,,03090202,47.153,N,0,
252502080254301,G  -3348,25.4176129,-80.4283894,2.63,NGVD29,90,,112BSCNN,Biscayne Limestone Aquifer,N400BISCYN,U,NAD83,,03090202,47.206,N,0,
252238080195401,G  -3975 / TPGW-16,25.3772028,-80.3316,5.13,NGVD29,134.75,141.0,112BSCNN,Biscayne Limestone Aquifer,N400BISCYN,U,NAD83,,03090202,47.443,N,0,
253237080350100,MRSHOPB1,25.5436944,-80.5836111,6.3,NGVD29,20.5,20.5,112BSCNN,Biscayne Limestone Aquifer,N400BISCYN,,NAD83,20040317,03090202,47.503,N,0,
252506080261001,G  -3999,25.4183,-80.4360889,4.03,NGVD29,106,110,112BSCNN,Biscayne Limestone Aquifer,N400BISCYN,U,NAD83,20180215,03090202,47.532,N,0,
252507080262401,"G  -5013 Miami-Dade County, FL",25.418611,-80.440083,4.0,NGVD29,82.0,82.0,112BSCNN,Biscayne Limestone Aquifer,N400BISCYN,,NAD83,,,47.709,N,0,
253110080340101,G  -3118,25.519832,-80.5667256,6,NAVD88,,,112BSCNN,Biscayne Limestone Aquifer,N400BISCYN,,NAD83,,03090202,47.712,N,0,
252254080221101,G  -3933 / TPGW-2,25.3817222,-80.3698333,3.23,NGVD29,103.7,123.0,112BSCNN,Biscayne Limestone Aquifer,N400BISCYN,U,NAD83,201002,03090202,48.241,N,0,
252431080261001,G  -3946D,25.4085278,-80.4360278,3.60,NGVD29,87,99,112BSCNN,Biscayne Limestone Aquifer,N400BISCYN,U,NAD83,,03090202,48.465,N,0,
252431080261002,G  -3946 S,25.4085278,-80.4360278,3.6,NGVD29,55,99,112BSCNN,Biscayne Limestone Aquifer,N400BISCYN,U,NAD83,,03090202,48.465,N,0,
252928080332401,G  - 789,25.4913056,-80.5554444,7.20,NGVD29,30,,112BSCNN,Biscayne Limestone Aquifer,N400BISCYN,,NAD83,,03090202,48.891,N,0,
252452080273801,G  -3351,25.4148354,-80.4603346,3,NAVD88,74,,112BSCNN,Biscayne Limestone Aquifer,N400BISCYN,U,NAD83,,03090206,49.148,N,0,
252436080270901,G  -3939 / TPGW-8,25.4101111,-80.4524167,3.83,NGVD29,92.5,95.0,112BSCNN,Biscayne Limestone Aquifer,N400BISCYN,U,NAD83,201003,03090202,49.164,N,0,
253052080345800,MRSHOPC1,25.5145556,-80.5829722,6.2,NGVD29,20,20,112BSCNN,Biscayne Limestone Aquifer,N400BISCYN,,NAD83,20040318,03090202,49.358,N,0,
252426080271001,G  -3347,25.4076133,-80.4525567,3,NAVD88,73,,112BSCNN,Biscayne Limestone Aquifer,N400BISCYN,U,NAD83,,03090206,49.407,N,0,
252506080282201,G  -3166,25.4187242,-80.4725571,3.05,NGVD29,75,75,112BSCNN,Biscayne Limestone Aquifer,N400BISCYN,U,NAD83,,03090202,49.472,N,0,
252612080300701,G  - 864,25.4368889,-80.5016667,8.9,NGVD29,20,,112BSCNN,Biscayne Limestone Aquifer,N400BISCYN,,NAD83,,03090202,49.592,N,0,
252948080341801,G  -3117,25.4970551,-80.571448,7,NAVD88,,,112BSCNN,Biscayne Limestone Aquifer,N400BISCYN,,NAD83,,03090202,49.681,N,0,
252116080193501,G  -3945 / TPGW-14,25.3543056,-80.32625,-5.9,NGVD29,120.5,137.0,112BSCNN,Biscayne Limestone Aquifer,N400BISCYN,U,NAD83,201006,03090202,49.735,N,0,
252619080310201,G  - 864A,25.4391111,-80.5084444,8.3,NGVD29,20,,112BSCNN,Biscayne Limestone Aquifer,N400BISCYN,,NAD83,19620101,03090202,49.828,N,0,
253503080382001,G  -3123,25.584552,-80.6386718,3,NAVD88,,,112BSCNN,Biscayne Limestone Aquifer,N400BISCYN,,NAD83,,03090202,49.958,N,0,
252201080223201,G  -3991 / TPGW-17,25.3670528,-80.3755667,4.83,NGVD29,118.5,120.0,112BSCNN,Biscayne Limestone Aquifer,N400BISCYN,U,NAD83,20171026,03090202,49.969,N,0,
252427080281301,G  -3343,25.4078912,-80.4700571,3,NAVD88,68,,112BSCNN,Biscayne Limestone Aquifer,N400BISCYN,U,NAD83,,03090206,50.33,N,0,
252320080261201,G  -3346,25.3892806,-80.4364453,3,NAVD88,67,,112BSCNN,Biscayne Limestone Aquifer,N400BISCYN,U,NAD83,,03090206,50.346,N,0,
252202080240001,G -5011 / TPGW-22,25.3671389,-80.4000278,1.95,NAVD88,75.0,75.0,112BSCNN,Biscayne Limestone Aquifer,N400BISCYN,,NAD83,,030902061607,50.913,N,0,
252212080244401,G  -3935 / TPGW-4,25.37,-80.41225,3.87,NGVD29,87.8,105.0,112BSCNN,Biscayne Limestone Aquifer,N400BISCYN,U,NAD83,201003,03090202,51.139,N,0,
252506080300601,G  -3901,25.4185167,-80.5017472,8,NGVD29,22.3,,112BSCNN,Biscayne Limestone Aquifer,N400BISCYN,U,NAD83,,03090202,51.208,N,0,
252042080205201,G  -3934 / TPGW-3,25.3450278,-80.34775,3.07,NGVD29,109.3,128.0,112BSCNN,Biscayne Limestone Aquifer,N400BISCYN,U,NAD83,201002,03090202,51.341,N,0,
253051080363200,MRSHOPC2,25.5141944,-80.6090278,5.5,NGVD29,6.1,6.1,112BSCNN,Biscayne Limestone Aquifer,N400BISCYN,,NAD83,20040317,03090202,51.478,N,0,
253328080382701,G  -3121,25.5581642,-80.6406163,3,NAVD88,,,112BSCNN,Biscayne Limestone Aquifer,N400BISCYN,,NAD83,,03090202,51.508,N,0,
252334080280101,G  -3344,25.3931695,-80.4667238,3,NAVD88,58,,112BSCNN,Biscayne Limestone Aquifer,N400BISCYN,U,NAD83,,03090206,51.523,N,0,
252558080321401,G  -3359    SITE 2,25.4331684,-80.537003,4,NAVD88,,,112BSCNN,Biscayne Limestone Aquifer,N400BISCYN,U,NAD83,19850101,03090202,52.19,N,0,
252948080362501,G  -3116,25.4970552,-80.6067268,6,NAVD88,,,112BSCNN,Biscayne Limestone Aquifer,N400BISCYN,,NAD83,,03090202,52.435,N,0,
253150080381001,G  -3119,25.530943,-80.6358941,3,NAVD88,,,112BSCNN,Biscayne Limestone Aquifer,N400BISCYN,,NAD83,,03090202,52.66,N,0,
254750080431201,G  - 622,25.7975997,-80.7197843,6,NAVD88,30.8,,,,,,NAD83,,03090202,52.809,N,0,
252100080242902,S  -1533U,25.350393,-80.4078336,3.13,NGVD29,2304,,120FLRD,Floridan Aquifer System,S400FLORDN,C,NAD83,,03090202,52.933,N,0,
252100080242903,S  -1533M,25.350393,-80.4078336,3.13,NGVD29,2304,,120FLRD,Floridan Aquifer System,S400FLORDN,C,NAD83,,03090202,52.933,N,0,
253054080374400,MRSHOPC3,25.51525,-80.6290833,5.6,NGVD29,20.5,20.5,112BSCNN,Biscayne Limestone Aquifer,N400BISCYN,,NAD83,20040319,03090202,53.055,N,0,
252228080275501,G  -3342,25.3748368,-80.4650572,5.14,NGVD29,78.5,90,112BSCNN,Biscayne Limestone Aquifer,N400BISCYN,U,NAD83,,03090202,53.173,N,0,
252332080300501,G  -3355,25.3933056,-80.5009167,5.6,NGVD29,13,,112BSCNN,Biscayne Limestone Aquifer,N400BISCYN,U,NAD83,,03090202,53.42,N,0,
252425080320001,G  - 613,25.4076111,-80.5242222,7.1,NGVD29,20,,112BSCNN,Biscayne Limestone Aquifer,N400BISCYN,,NAD83,19500101,03090202,53.55,N,0,
252228080282401,G  -3341,25.3748369,-80.4731129,3,NAVD88,75,,112BSCNN,Biscayne Limestone Aquifer,N400BISCYN,U,NAD83,,03090206,53.593,N,0,
253014080374701,G  -3115,25.5042773,-80.6295051,2,NAVD88,,,112BSCNN,Biscayne Limestone Aquifer,N400BISCYN,,NAD83,,03090202,53.79,N,0,
252229080284201,G  -3940 / TPGW-9,25.3746111,-80.4783056,5.19,NGVD29,90.3,93.0,112BSCNN,Biscayne Limestone Aquifer,N400BISCYN,U,NAD83,201005,03090202,53.889,N,0,
252543080344201,G  -3380A   RD-BK-DN-D,25.429002,-80.5781153,3,NAVD88,9,,112BSCNN,Biscayne Limestone Aquifer,N400BISCYN,U,NAD83,19850101,03090202,55.336,N,0,
252543080344202,G  -3380B   RD-BK-DN-M,25.429002,-80.5781153,3,NAVD88,9,,112BSCNN,Biscayne Limestone Aquifer,N400BISCYN,U,NAD83,19850101,03090202,55.336,N,0,
252543080344203,G  -3380C   RD-BK-DN-S,25.429002,-80.5781153,3,NAVD88,9,,112BSCNN,Biscayne Limestone Aquifer,N400BISCYN,U,NAD83,19850101,03090202,55.336,N,0,
252947080382501,G  -3114,25.5151028,-80.6586694,3,NAVD88,,,112BSCNN,Biscayne Limestone Aquifer,N400BISCYN,,NAD83,,03090202,55.535,N,0,
252809080372300,MRSHOPD1,25.4693056,-80.6231111,4.9,NGVD29,20,20,112BSCNN,Biscayne Limestone Aquifer,N400BISCYN,,NAD83,20040320,03090202,55.642,N,0,
252115080293701,G  -3621,25.3620278,-80.4930833,3.1,NGVD29,9.0,12,112BSCNN,Biscayne Limestone Aquifer,N400BISCYN,U,NAD83,19960325,03090202,55.866,N,0,
252120080293601,G  -3350,25.3559488,-80.4931135,3,NAVD88,83,,112BSCNN,Biscayne Limestone Aquifer,N400BISCYN,U,NAD83,,03090206,56.438,N,0,
252312080320301,G  -3620,25.3854167,-80.5414722,3.5,NGVD29,9,,112BSCNN,Biscayne Limestone Aquifer,N400BISCYN,U,NAD83,19960322,03090202,56.56,N,0,
252945080395201,G  -3112,25.4962221,-80.6642283,3,NAVD88,,,112BSCNN,Biscayne Limestone Aquifer,N400BISCYN,,NAD83,,03090202,57.16,N,0,
252036080293501,G -5004,25.3434528,-80.4930833,2.79,NAVD88,95,100,112BSCNN,Biscayne Limestone Aquifer,N400BISCYN,U,NAD83,20190820,03090202,57.617,N,0,
252027080293701,G  -3349,25.3412271,-80.4933914,3,NAVD88,66,,112BSCNN,Biscayne Limestone Aquifer,N400BISCYN,U,NAD83,,03090206,57.844,N,0,
252243080335501,G  -3619,25.3789722,-80.5653611,3.7,NGVD29,12,12,112BSCNN,Biscayne Limestone Aquifer,N400BISCYN,U,NAD83,19960322,03090202,58.624,N,0,
251952080293401,G  -1256,25.3315833,-80.4927222,3,NGVD29,57.6,,112BSCNN,Biscayne Limestone Aquifer,N400BISCYN,U,NAD83,19650301,03090202,58.728,N,0,
252803080395001,G  -3111,25.4678898,-80.6636729,3,NAVD88,,,112BSCNN,Biscayne Limestone Aquifer,N400BISCYN,,NAD83,,03090202,58.947,N,0,
254000080460001,G  - 620,25.6561111,-80.7664444,6.8,NGVD29,16.6,,112BSCNN,Biscayne Limestone Aquifer,N400BISCYN,U,NAD83,,03090202,59.256,N,0,
252014080312801,G  -3338,25.3376162,-80.5242256,0,NAVD88,58,,112BSCNN,Biscayne Limestone Aquifer,N400BISCYN,U,NAD83,,03090206,59.85,N,0,
251855080283401,G  -3354,25.3117778,-80.4772222,1.2,NGVD29,8,,112BSCNN,Biscayne Limestone Aquifer,N400BISCYN,U,NAD83,,03090202,59.873,N,0,
252547080383501,G  -3110,25.4301133,-80.6428393,3,NAVD88,,,112BSCNN,Biscayne Limestone Aquifer,N400BISCYN,,NAD83,,03090202,59.97,N,0,
251957080312801,G  -3339,25.3328942,-80.5242256,0,NAVD88,57,,112BSCNN,Biscayne Limestone Aquifer,N400BISCYN,U,NAD83,,03090206,60.287,N,0,
251949080313102,G  -1603,25.330672,-80.525059,4.78,NGVD29,60,,112BSCNN,Biscayne Limestone Aquifer,N400BISCYN,U,NAD83,,03090202,60.54,N,0,
252255080361101,NP - 100,25.3823371,-80.6028385,4.50,NGVD29,1333,,120FLRD,Floridan Aquifer System,S400FLORDN,,NAD83,19640624,03090202,60.814,N,0,
254642080482201,S  -1299,25.7789896,-80.8058979,23.6,NGVD29,11676,,125CDRK,,S400FLORDN,,NAD83,,03090202,61.421,N,0,
251902080312405,G  -3340,25.317617,-80.5231145,0,NAVD88,48,,112BSCNN,Biscayne Limestone Aquifer,N400BISCYN,U,NAD83,,03090206,61.652,N,0,
252007080335701,G  -3336,25.3378056,-80.5656389,4.5,NGVD29,38,,112BSCNN,Biscayne Limestone Aquifer,N400BISCYN,U,NAD83,,03090202,62.239,N,0,
251925080335701,G  -3337,25.3240058,-80.5656156,0,NAVD88,100,,112BSCNN,Biscayne Limestone Aquifer,N400BISCYN,U,NAD83,,03090202,63.471,N,0,
251922080340701,G  -1251,25.3210833,-80.56575,3.2,NGVD29,59,,112BSCNN,Biscayne Limestone Aquifer,N400BISCYN,U,NAD83,19650101,03090202,63.742,N,0,
251724080341401,G  -3353,25.2887987,-80.5690382,0.86,NGVD29,8,,112BSCNN,Biscayne Limestone Aquifer,N400BISCYN,U,NAD83,,03090202,66.869,N,0,
252820080505401,MO  - 215,25.4722222,-80.8483333,1,NAVD88,10.7,,112BSCNN,Biscayne Limestone Aquifer,N400BISCYN,,NAD83,20121206,03090202,74.382,N,0,
02290829501,MO  -198,25.4679778,-80.8545278,1,NAVD88,32.4,,112BSCNN,Biscayne Limestone Aquifer,N400BISCYN,,NAD83,,03090202,75.153,N,0,
02290829502,MO  -199,25.4679778,-80.8545278,1,NAVD88,10.1,,112BSCNN,Biscayne Limestone Aquifer,N400BISCYN,,NAD83,,03090202,75.153,N,0,
251457080395801,"G  -3776.  USGS Observation Well in Everglades, FL",25.2525556,-80.6662611,0,NAVD88,28.15,,112BSCNN,Biscayne Limestone Aquifer,N400BISCYN,,NAD83,200310,03090202,75.93,N,0,
251457080395802,G  -3777,25.2525556,-80.6662611,0,NAVD88,9.9,,112BSCNN,Biscayne Limestone Aquifer,N400BISCYN,,NAD83,200310,03090202,75.93,N,0,
251241080385301,G  -3764,25.21,-80.6477778,0,NAVD88,12.77,,112BSCNN,Biscayne Limestone Aquifer,N400BISCYN,,NAD83,20020130,03090202,78.587,N,0,
251241080385302,G  -3763,25.21,-80.6477778,0,NAVD88,22.4,,112BSCNN,Biscayne Limestone Aquifer,N400BISCYN,,NAD83,,03090202,78.587,N,0,
